file,line,call,func,context
tools/joint_estimator/adoption_measure.py,84,loads,selected_weights,"ws = json.loads(WEIGHT_SEARCH.read_text(encoding=""utf-8""))"
tools/joint_estimator/adoption_measure.py,94,loads,load_adapter_pieces,"adp = json.loads(ADAPTER_FACTS.read_text(encoding=""utf-8""))"
tools/joint_estimator/adoption_measure.py,125,loads,phase_decode,"dref = json.loads(DECODE_REF.read_text(encoding=""utf-8""))"
tools/joint_estimator/adoption_measure.py,127,loads,phase_decode,"e2e = json.loads(ENDTOEND.read_text(encoding=""utf-8""))"
tools/joint_estimator/adoption_measure.py,217,write_text,phase_decode,"DECODE_CACHE.write_text(json.dumps(out), encoding=""utf-8"")"
tools/joint_estimator/adoption_measure.py,84,read_text,selected_weights,"ws = json.loads(WEIGHT_SEARCH.read_text(encoding=""utf-8""))"
tools/joint_estimator/adoption_measure.py,94,read_text,load_adapter_pieces,"adp = json.loads(ADAPTER_FACTS.read_text(encoding=""utf-8""))"
tools/joint_estimator/adoption_measure.py,125,read_text,phase_decode,"dref = json.loads(DECODE_REF.read_text(encoding=""utf-8""))"
tools/joint_estimator/adoption_measure.py,127,read_text,phase_decode,"e2e = json.loads(ENDTOEND.read_text(encoding=""utf-8""))"
tools/joint_estimator/adoption_measure.py,180,mkdir,phase_decode,"d.mkdir(parents=True, exist_ok=True)"
tools/joint_estimator/adoption_measure.py,181,glob,phase_decode,"for f in d.glob(""*.ours.json""):"
tools/joint_estimator/adoption_measure.py,195,write_text,phase_decode,"(d / MANIFEST_NAME).write_text(json.dumps(manifest, indent=1), encoding=""utf-8"")"
tools/joint_estimator/adoption_measure.py,217,dumps,phase_decode,"DECODE_CACHE.write_text(json.dumps(out), encoding=""utf-8"")"
tools/joint_estimator/adoption_measure.py,188,write_bytes,phase_decode,"(d / f""{stem}.ours.json"").write_bytes(b)"
tools/joint_estimator/adoption_measure.py,195,dumps,phase_decode,"(d / MANIFEST_NAME).write_text(json.dumps(manifest, indent=1), encoding=""utf-8"")"
tools/joint_estimator/adoption_measure.py,187,dumps,phase_decode,"b = json.dumps(body, indent=1).encode(""utf-8"")"
tools/joint_estimator/adoption_measure_b.py,57,mkdir,run_a8_and_diff,"am.CAND_A8.mkdir(parents=True, exist_ok=True)"
tools/joint_estimator/adoption_measure_b.py,61,write_text,run_a8_and_diff,"(am.CAND_A8 / ""_a8_stdout.txt"").write_text(r1.stdout + ""\n"" + r1.stderr, encoding=""utf-8"")"
tools/joint_estimator/adoption_measure_b.py,70,loads,run_a8_and_diff,"summary = json.loads((am.CAND_A8 / ""summary.json"").read_text(encoding=""utf-8""))"
tools/joint_estimator/adoption_measure_b.py,247,loads,main,"dec = json.loads(am.DECODE_CACHE.read_text(encoding=""utf-8""))"
tools/joint_estimator/adoption_measure_b.py,266,loads,main,"ref_manifest = json.loads((REF_DIR / ""manifest.json"").read_text(encoding=""utf-8""))"
tools/joint_estimator/adoption_measure_b.py,434,write_text,main,"OUT_JSON.write_text(json.dumps(record, indent=1), encoding=""utf-8"")"
tools/joint_estimator/adoption_measure_b.py,436,write_text,main,"OUT_SETDIFF.write_text(json.dumps(setdiff, indent=1), encoding=""utf-8"")"
tools/joint_estimator/adoption_measure_b.py,550,write_text,write_summary,"OUT_SUMMARY.write_text(""\n"".join(L) + ""\n"", encoding=""utf-8"")"
tools/joint_estimator/adoption_measure_b.py,70,read_text,run_a8_and_diff,"summary = json.loads((am.CAND_A8 / ""summary.json"").read_text(encoding=""utf-8""))"
tools/joint_estimator/adoption_measure_b.py,247,read_text,main,"dec = json.loads(am.DECODE_CACHE.read_text(encoding=""utf-8""))"
tools/joint_estimator/adoption_measure_b.py,266,read_text,main,"ref_manifest = json.loads((REF_DIR / ""manifest.json"").read_text(encoding=""utf-8""))"
tools/joint_estimator/adoption_measure_b.py,434,dumps,main,"OUT_JSON.write_text(json.dumps(record, indent=1), encoding=""utf-8"")"
tools/joint_estimator/adoption_measure_b.py,436,dumps,main,"OUT_SETDIFF.write_text(json.dumps(setdiff, indent=1), encoding=""utf-8"")"
tools/joint_estimator/adoption_measure_b.py,80,read_text,parse_runs_spans,"for i, ln in enumerate(path.read_text(encoding=""utf-8"").splitlines()):"
tools/joint_estimator/fit_run.py,236,loads,cadence_window_report,dec = json.loads(blob.stdout)
tools/joint_estimator/fit_run.py,344,loads,mechanism_report,"wf = json.loads(WEIGHT_FIT.read_text(encoding=""utf-8""))"
tools/joint_estimator/fit_run.py,408,loads,main,"wf = json.loads(WEIGHT_FIT.read_text(encoding=""utf-8""))"
tools/joint_estimator/fit_run.py,490,write_text,main,"OUT_JSON.write_text(json.dumps(out, indent=1), encoding=""utf-8"")"
tools/joint_estimator/fit_run.py,612,write_text,write_summary,"OUT_SUMMARY.write_text(""\n"".join(L) + ""\n"", encoding=""utf-8"")"
tools/joint_estimator/fit_run.py,288,write_text,cadence_window_report,"(_HERE / ""cadence_window_report.json"").write_text(json.dumps(out, indent=1), encoding=""utf-8"")"
tools/joint_estimator/fit_run.py,344,read_text,mechanism_report,"wf = json.loads(WEIGHT_FIT.read_text(encoding=""utf-8""))"
tools/joint_estimator/fit_run.py,395,write_text,mechanism_report,"(_HERE / ""fit_mechanism_report.json"").write_text(json.dumps(out, indent=1), encoding=""utf-8"")"
tools/joint_estimator/fit_run.py,408,read_text,main,"wf = json.loads(WEIGHT_FIT.read_text(encoding=""utf-8""))"
tools/joint_estimator/fit_run.py,490,dumps,main,"OUT_JSON.write_text(json.dumps(out, indent=1), encoding=""utf-8"")"
tools/joint_estimator/fit_run.py,288,dumps,cadence_window_report,"(_HERE / ""cadence_window_report.json"").write_text(json.dumps(out, indent=1), encoding=""utf-8"")"
tools/joint_estimator/fit_run.py,395,dumps,mechanism_report,"(_HERE / ""fit_mechanism_report.json"").write_text(json.dumps(out, indent=1), encoding=""utf-8"")"
tools/joint_estimator/fit_weights.py,745,loads,load_corpus,"ne = json.loads(NOTE_EVENTS.read_text(encoding=""utf-8""))"
tools/joint_estimator/fit_weights.py,746,loads,load_corpus,"fa = json.loads(FOLD_ARTIFACT.read_text(encoding=""utf-8""))"
tools/joint_estimator/fit_weights.py,1026,write_text,merge_parts,"(_HERE / ""weight_fit.json"").write_text(json.dumps(merged, indent=1), encoding=""utf-8"")"
tools/joint_estimator/fit_weights.py,745,read_text,load_corpus,"ne = json.loads(NOTE_EVENTS.read_text(encoding=""utf-8""))"
tools/joint_estimator/fit_weights.py,746,read_text,load_corpus,"fa = json.loads(FOLD_ARTIFACT.read_text(encoding=""utf-8""))"
tools/joint_estimator/fit_weights.py,976,write_text,run_fit,"Path(out_path).write_text(json.dumps(result, indent=1), encoding=""utf-8"")"
tools/joint_estimator/fit_weights.py,1003,glob,merge_parts,"parts = sorted(_HERE.glob(""weight_fit_part_*.json""))"
tools/joint_estimator/fit_weights.py,1009,loads,merge_parts,"d = json.loads(p.read_text(encoding=""utf-8""))"
tools/joint_estimator/fit_weights.py,1026,dumps,merge_parts,"(_HERE / ""weight_fit.json"").write_text(json.dumps(merged, indent=1), encoding=""utf-8"")"
tools/joint_estimator/fit_weights.py,976,dumps,run_fit,"Path(out_path).write_text(json.dumps(result, indent=1), encoding=""utf-8"")"
tools/joint_estimator/fit_weights.py,1009,read_text,merge_parts,"d = json.loads(p.read_text(encoding=""utf-8""))"
tools/joint_estimator/gen_content_dp_split.py,106,loads,main,"parity = json.loads((_HERE / ""decode_parity_ref.json"").read_text(encoding=""utf-8""))"
tools/joint_estimator/gen_content_dp_split.py,106,read_text,main,"parity = json.loads((_HERE / ""decode_parity_ref.json"").read_text(encoding=""utf-8""))"
tools/joint_estimator/gen_content_dp_split.py,213,write_text,main,"Path(args.out).write_text(json.dumps(out, ensure_ascii=False, indent=1) + ""\n"","
tools/joint_estimator/gen_content_dp_split.py,213,dumps,main,"Path(args.out).write_text(json.dumps(out, ensure_ascii=False, indent=1) + ""\n"","
tools/joint_estimator/gen_count_inventory.py,156,loads,run,"fa = json.loads(FOLD_ARTIFACT.read_text(encoding=""utf-8""))"
tools/joint_estimator/gen_count_inventory.py,479,loads,main,"fa = json.loads(FOLD_ARTIFACT.read_text(encoding=""utf-8""))"
tools/joint_estimator/gen_count_inventory.py,486,write_text,main,"Path(args.out_json).write_text(json.dumps(artifact, indent=1, ensure_ascii=False) + ""\n"","
tools/joint_estimator/gen_count_inventory.py,537,write_text,_write_summary,"path.write_text(""\n"".join(L) + ""\n"", encoding=""utf-8"")"
tools/joint_estimator/gen_count_inventory.py,156,read_text,run,"fa = json.loads(FOLD_ARTIFACT.read_text(encoding=""utf-8""))"
tools/joint_estimator/gen_count_inventory.py,479,read_text,main,"fa = json.loads(FOLD_ARTIFACT.read_text(encoding=""utf-8""))"
tools/joint_estimator/gen_count_inventory.py,460,read_text,_analysis_excerpt,"for raw in Path(path).read_text(encoding=""utf-8"").splitlines():"
tools/joint_estimator/gen_count_inventory.py,486,dumps,main,"Path(args.out_json).write_text(json.dumps(artifact, indent=1, ensure_ascii=False) + ""\n"","
tools/joint_estimator/gen_decode_parity_ref.py,42,loads,_selected_weights,"ws = json.loads((_HERE / ""weight_search.json"").read_text(encoding=""utf-8""))"
tools/joint_estimator/gen_decode_parity_ref.py,102,write_text,main,"(_HERE / ""decode_parity_ref.json"").write_text(json.dumps(art), encoding=""utf-8"")"
tools/joint_estimator/gen_decode_parity_ref.py,42,read_text,_selected_weights,"ws = json.loads((_HERE / ""weight_search.json"").read_text(encoding=""utf-8""))"
tools/joint_estimator/gen_decode_parity_ref.py,102,dumps,main,"(_HERE / ""decode_parity_ref.json"").write_text(json.dumps(art), encoding=""utf-8"")"
tools/joint_estimator/gen_embedded_tables.py,278,loads,main,"parity = json.loads(read_bytes(os.path.join(HERE, ""decode_parity_ref.json"")).decode(""utf-8""))"
tools/joint_estimator/gen_embedded_tables.py,100,open,read_bytes,"with open(path, ""rb"") as f:"
tools/joint_estimator/gen_embedded_tables.py,297,open,main,"with open(hdr_path, ""w"", encoding=""utf-8"", newline=""\n"") as f:"
tools/joint_estimator/gen_embedded_tables.py,299,open,main,"with open(src_path, ""w"", encoding=""utf-8"", newline=""\n"") as f:"
tools/joint_estimator/gen_embedded_tables.py,270,read_bytes,main,data = canonicalize_lf(read_bytes(path))   # git-canonical LF form (OI-195)
tools/joint_estimator/gen_embedded_tables.py,278,read_bytes,main,"parity = json.loads(read_bytes(os.path.join(HERE, ""decode_parity_ref.json"")).decode(""utf-8""))"
tools/joint_estimator/gen_embedded_tables.py,286,dumps,main,"snippet = canonicalize_lf(json.dumps(ordered).encode(""utf-8""))   # verbatim embedded snippet bytes"
tools/joint_estimator/gen_embedded_tables.py,275,loads,main,"corpus_git_hash = json.loads(data.decode(""utf-8"")).get(""provenance"", {}).get(""corpus_git_hash"", """")"
tools/joint_estimator/gen_factor_presence.py,255,write_text,_write,"path.write_text(json.dumps(obj, indent=1, ensure_ascii=False, sort_keys=True) + ""\n"","
tools/joint_estimator/gen_factor_presence.py,264,mkdir,main,"out_dir.mkdir(parents=True, exist_ok=True)"
tools/joint_estimator/gen_factor_presence.py,266,loads,main,"fa = json.loads(FOLD_ARTIFACT.read_text(encoding=""utf-8""))"
tools/joint_estimator/gen_factor_presence.py,269,loads,main,"note_events = json.loads(NOTE_EVENTS.read_text(encoding=""utf-8""))"
tools/joint_estimator/gen_factor_presence.py,443,write_text,_write_summary,"path.write_text(""\n"".join(L) + ""\n"", encoding=""utf-8"")"
tools/joint_estimator/gen_factor_presence.py,266,read_text,main,"fa = json.loads(FOLD_ARTIFACT.read_text(encoding=""utf-8""))"
tools/joint_estimator/gen_factor_presence.py,269,read_text,main,"note_events = json.loads(NOTE_EVENTS.read_text(encoding=""utf-8""))"
tools/joint_estimator/gen_factor_presence.py,255,dumps,_write,"path.write_text(json.dumps(obj, indent=1, ensure_ascii=False, sort_keys=True) + ""\n"","
tools/joint_estimator/gen_fermata_boundary.py,195,loads,main,"fa = json.loads(FOLD_ARTIFACT.read_text(encoding=""utf-8""))"
tools/joint_estimator/gen_fermata_boundary.py,198,loads,main,"note_events = json.loads(NOTE_EVENTS.read_text(encoding=""utf-8""))"
tools/joint_estimator/gen_fermata_boundary.py,244,write_text,main,"OUT_JSON.write_text(json.dumps(obj, indent=1, sort_keys=True) + ""\n"", encoding=""utf-8"")"
tools/joint_estimator/gen_fermata_boundary.py,278,write_text,main,"OUT_SUMMARY.write_text(""\n"".join(L) + ""\n"", encoding=""utf-8"")"
tools/joint_estimator/gen_fermata_boundary.py,195,read_text,main,"fa = json.loads(FOLD_ARTIFACT.read_text(encoding=""utf-8""))"
tools/joint_estimator/gen_fermata_boundary.py,198,read_text,main,"note_events = json.loads(NOTE_EVENTS.read_text(encoding=""utf-8""))"
tools/joint_estimator/gen_fermata_boundary.py,244,dumps,main,"OUT_JSON.write_text(json.dumps(obj, indent=1, sort_keys=True) + ""\n"", encoding=""utf-8"")"
tools/joint_estimator/gen_fold_assignment.py,235,mkdir,main,"out_path.parent.mkdir(parents=True, exist_ok=True)"
tools/joint_estimator/gen_fold_assignment.py,236,write_text,main,"out_path.write_text(json.dumps(artifact, indent=1, ensure_ascii=False) + ""\n"","
tools/joint_estimator/gen_fold_assignment.py,92,glob,enumerate_coverage,"ours_files = sorted(DEFAULT_CORPUS_DIR.glob(""*.ours.json""))"
tools/joint_estimator/gen_fold_assignment.py,236,dumps,main,"out_path.write_text(json.dumps(artifact, indent=1, ensure_ascii=False) + ""\n"","
tools/joint_estimator/gen_input_parity.py,87,loads,main,"ref = json.loads(NOTE_EVENTS.read_text(encoding=""utf-8""))"
tools/joint_estimator/gen_input_parity.py,88,loads,main,"adp = json.loads(ADAPTER_FACTS.read_text(encoding=""utf-8""))"
tools/joint_estimator/gen_input_parity.py,300,write_text,main,"OUT_JSON.write_text(json.dumps(out, indent=1) + ""\n"", encoding=""utf-8"")"
tools/joint_estimator/gen_input_parity.py,318,write_text,main,"OUT_SUMMARY.write_text(""\n"".join(lines) + ""\n"", encoding=""utf-8"")"
tools/joint_estimator/gen_input_parity.py,87,read_text,main,"ref = json.loads(NOTE_EVENTS.read_text(encoding=""utf-8""))"
tools/joint_estimator/gen_input_parity.py,88,read_text,main,"adp = json.loads(ADAPTER_FACTS.read_text(encoding=""utf-8""))"
tools/joint_estimator/gen_input_parity.py,89,loads,main,"dref = json.loads(DECODE_REF.read_text(encoding=""utf-8"")) if DECODE_REF.exists() else None"
tools/joint_estimator/gen_input_parity.py,89,read_text,main,"dref = json.loads(DECODE_REF.read_text(encoding=""utf-8"")) if DECODE_REF.exists() else None"
tools/joint_estimator/gen_input_parity.py,300,dumps,main,"OUT_JSON.write_text(json.dumps(out, indent=1) + ""\n"", encoding=""utf-8"")"
tools/joint_estimator/gen_input_parity.py,317,dumps,main,"lines.append(f""        e.g. {json.dumps(ex)}"")"
tools/joint_estimator/gen_label_tables.py,113,read_text,read_xml_header,"s = p.read_text(encoding=""utf-8"", errors=""replace"")"
tools/joint_estimator/gen_label_tables.py,782,mkdir,main,"out_dir.mkdir(parents=True, exist_ok=True)"
tools/joint_estimator/gen_label_tables.py,784,loads,main,"fa = json.loads(FOLD_ARTIFACT.read_text(encoding=""utf-8""))"
tools/joint_estimator/gen_label_tables.py,874,write_text,main,"(out_dir / ""table_fit_inventory.json"").write_text("
tools/joint_estimator/gen_label_tables.py,1381,write_text,write_inventory_summary,"path.write_text(""\n"".join(L) + ""\n"", encoding=""utf-8"")"
tools/joint_estimator/gen_label_tables.py,784,read_text,main,"fa = json.loads(FOLD_ARTIFACT.read_text(encoding=""utf-8""))"
tools/joint_estimator/gen_label_tables.py,821,write_text,main,"fn.write_text(json.dumps(art, indent=1, ensure_ascii=False, sort_keys=True) + ""\n"","
tools/joint_estimator/gen_label_tables.py,948,loads,build_sensitive_report,"ci = json.loads(COUNT_INVENTORY.read_text(encoding=""utf-8""))[""sensitive_cells""]"
tools/joint_estimator/gen_label_tables.py,875,dumps,main,"json.dumps(inventory, indent=1, ensure_ascii=False, sort_keys=True) + ""\n"", encoding=""utf-8"")"
tools/joint_estimator/gen_label_tables.py,948,read_text,build_sensitive_report,"ci = json.loads(COUNT_INVENTORY.read_text(encoding=""utf-8""))[""sensitive_cells""]"
tools/joint_estimator/gen_label_tables.py,821,dumps,main,"fn.write_text(json.dumps(art, indent=1, ensure_ascii=False, sort_keys=True) + ""\n"","
tools/joint_estimator/gen_marginals_ref.py,963,loads,main,"parity = json.loads((_HERE / ""decode_parity_ref.json"").read_text(encoding=""utf-8""))"
tools/joint_estimator/gen_marginals_ref.py,941,write_text,run,"ART_PATH.write_text(json.dumps(art) + ""\n"", encoding=""utf-8"", newline=""\n"")"
tools/joint_estimator/gen_marginals_ref.py,944,dumps,run,blob = json.dumps(art)
tools/joint_estimator/gen_marginals_ref.py,963,read_text,main,"parity = json.loads((_HERE / ""decode_parity_ref.json"").read_text(encoding=""utf-8""))"
tools/joint_estimator/gen_marginals_ref.py,959,dumps,main,"print(json.dumps(detail, indent=1))"
tools/joint_estimator/gen_marginals_ref.py,960,dumps,main,"print(json.dumps(hand, indent=1))"
tools/joint_estimator/gen_marginals_ref.py,941,dumps,run,"ART_PATH.write_text(json.dumps(art) + ""\n"", encoding=""utf-8"", newline=""\n"")"
tools/joint_estimator/gen_mode_marginal.py,62,write_text,main,"path.write_text(json.dumps(out, indent=1, ensure_ascii=False), encoding=""utf-8"")"
tools/joint_estimator/gen_mode_marginal.py,62,dumps,main,"path.write_text(json.dumps(out, indent=1, ensure_ascii=False), encoding=""utf-8"")"
tools/joint_estimator/gen_note_events.py,270,loads,reconcile_stem,"ours = json.loads((DEFAULT_OURS_DIR / f""{stem}.ours.json"").read_text(encoding=""utf-8""))"
tools/joint_estimator/gen_note_events.py,371,mkdir,main,"OUT_DIR.mkdir(parents=True, exist_ok=True)"
tools/joint_estimator/gen_note_events.py,373,loads,main,"fa = json.loads(FOLD_ARTIFACT.read_text(encoding=""utf-8""))"
tools/joint_estimator/gen_note_events.py,450,write_text,main,"OUT_JSON.write_text(json.dumps(out, separators=("","", "":""), sort_keys=True) + ""\n"", encoding=""utf-8"")"
tools/joint_estimator/gen_note_events.py,474,write_text,main,"OUT_SUMMARY.write_text(""\n"".join(lines) + ""\n"", encoding=""utf-8"")"
tools/joint_estimator/gen_note_events.py,270,read_text,reconcile_stem,"ours = json.loads((DEFAULT_OURS_DIR / f""{stem}.ours.json"").read_text(encoding=""utf-8""))"
tools/joint_estimator/gen_note_events.py,372,loads,main,"prev = json.loads(OUT_JSON.read_text(encoding=""utf-8"")) if OUT_JSON.exists() else None"
tools/joint_estimator/gen_note_events.py,373,read_text,main,"fa = json.loads(FOLD_ARTIFACT.read_text(encoding=""utf-8""))"
tools/joint_estimator/gen_note_events.py,372,read_text,main,"prev = json.loads(OUT_JSON.read_text(encoding=""utf-8"")) if OUT_JSON.exists() else None"
tools/joint_estimator/gen_note_events.py,450,dumps,main,"OUT_JSON.write_text(json.dumps(out, separators=("","", "":""), sort_keys=True) + ""\n"", encoding=""utf-8"")"
tools/joint_estimator/gen_note_events.py,408,dumps,main,"+ json.dumps(invariance[""first_diff""]))"
tools/joint_estimator/gen_note_tables.py,752,write_text,_write,"path.write_text(json.dumps(obj, separators=("","", "":""), sort_keys=True) + ""\n"", encoding=""utf-8"")"
tools/joint_estimator/gen_note_tables.py,756,write_text,_write_pretty,"path.write_text(json.dumps(obj, indent=1, ensure_ascii=False, sort_keys=True) + ""\n"", encoding=""utf-8"")"
tools/joint_estimator/gen_note_tables.py,760,loads,main,"fa = json.loads(FOLD_ARTIFACT.read_text(encoding=""utf-8""))"
tools/joint_estimator/gen_note_tables.py,763,loads,main,"note_events = json.loads(NOTE_EVENTS.read_text(encoding=""utf-8""))"
tools/joint_estimator/gen_note_tables.py,996,write_text,_write_excluded_summary,"(OUT_DIR / ""excluded_zero_factor_spans_summary.txt"").write_text(""\n"".join(L) + ""\n"", encoding=""utf-8"")"
tools/joint_estimator/gen_note_tables.py,1038,write_text,_write_summary,"(OUT_DIR / ""note_table_fit_inventory_summary.txt"").write_text(""\n"".join(L) + ""\n"", encoding=""utf-8"")"
tools/joint_estimator/gen_note_tables.py,760,read_text,main,"fa = json.loads(FOLD_ARTIFACT.read_text(encoding=""utf-8""))"
tools/joint_estimator/gen_note_tables.py,763,read_text,main,"note_events = json.loads(NOTE_EVENTS.read_text(encoding=""utf-8""))"
tools/joint_estimator/gen_note_tables.py,797,loads,main,"part1 = json.loads(PART1_INVENTORY.read_text(encoding=""utf-8""))[""capacity_bound_summary""]"
tools/joint_estimator/gen_note_tables.py,798,loads,main,part1_grid_table6 = json.loads(
tools/joint_estimator/gen_note_tables.py,752,dumps,_write,"path.write_text(json.dumps(obj, separators=("","", "":""), sort_keys=True) + ""\n"", encoding=""utf-8"")"
tools/joint_estimator/gen_note_tables.py,756,dumps,_write_pretty,"path.write_text(json.dumps(obj, indent=1, ensure_ascii=False, sort_keys=True) + ""\n"", encoding=""utf-8"")"
tools/joint_estimator/gen_note_tables.py,797,read_text,main,"part1 = json.loads(PART1_INVENTORY.read_text(encoding=""utf-8""))[""capacity_bound_summary""]"
tools/joint_estimator/gen_note_tables.py,799,read_text,main,"(OUT_DIR / ""tables_all.json"").read_text(encoding=""utf-8""))[""table6_boundary_by_beat_class""]"
tools/joint_estimator/gen_note_tables.py,795,dumps,main,"""annotation, refuting it. "" + json.dumps(bad))"
tools/joint_estimator/gen_posterior_slice.py,371,loads,main,"parity = json.loads((_HERE / ""decode_parity_ref.json"").read_text(encoding=""utf-8""))"
tools/joint_estimator/gen_posterior_slice.py,416,write_text,main,"ART_PATH.write_text(json.dumps(art) + ""\n"", encoding=""utf-8"", newline=""\n"")"
tools/joint_estimator/gen_posterior_slice.py,204,loads,establish_a,"pc = json.loads((_HERE / ""probe_corpus_decode.json"").read_text(encoding=""utf-8""))[""pieces""]"
tools/joint_estimator/gen_posterior_slice.py,265,loads,establish_b,"dp = json.loads((_HERE / ""decode_parity_ref.json"").read_text(encoding=""utf-8""))[""selected""]"
tools/joint_estimator/gen_posterior_slice.py,371,read_text,main,"parity = json.loads((_HERE / ""decode_parity_ref.json"").read_text(encoding=""utf-8""))"
tools/joint_estimator/gen_posterior_slice.py,410,dumps,main,blob = json.dumps(art)
tools/joint_estimator/gen_posterior_slice.py,204,read_text,establish_a,"pc = json.loads((_HERE / ""probe_corpus_decode.json"").read_text(encoding=""utf-8""))[""pieces""]"
tools/joint_estimator/gen_posterior_slice.py,265,read_text,establish_b,"dp = json.loads((_HERE / ""decode_parity_ref.json"").read_text(encoding=""utf-8""))[""selected""]"
tools/joint_estimator/gen_posterior_slice.py,416,dumps,main,"ART_PATH.write_text(json.dumps(art) + ""\n"", encoding=""utf-8"", newline=""\n"")"
tools/joint_estimator/gen_spelling_establishment.py,256,load,main,"decode = json.load(open(args.decode, encoding='utf-8'))"
tools/joint_estimator/gen_spelling_establishment.py,257,load,main,"ne = json.load(open(args.note_events, encoding='utf-8'))"
tools/joint_estimator/gen_spelling_establishment.py,256,open,main,"decode = json.load(open(args.decode, encoding='utf-8'))"
tools/joint_estimator/gen_spelling_establishment.py,257,open,main,"ne = json.load(open(args.note_events, encoding='utf-8'))"
tools/joint_estimator/gen_spelling_establishment.py,369,load,main,"cpp = json.load(open(args.cpp_parity, encoding='utf-8'))"
tools/joint_estimator/gen_spelling_establishment.py,373,open,main,"with open(args.out, 'w', encoding='utf-8', newline='\n') as f:"
tools/joint_estimator/gen_spelling_establishment.py,374,dump,main,"json.dump(out, f, ensure_ascii=False, indent=1)"
tools/joint_estimator/gen_spelling_establishment.py,369,open,main,"cpp = json.load(open(args.cpp_parity, encoding='utf-8'))"
tools/joint_estimator/gen_window_study.py,732,loads,run,"parity = json.loads((_HERE / ""decode_parity_ref.json"").read_text(encoding=""utf-8""))"
tools/joint_estimator/gen_window_study.py,732,read_text,run,"parity = json.loads((_HERE / ""decode_parity_ref.json"").read_text(encoding=""utf-8""))"
tools/joint_estimator/gen_window_study.py,835,write_text,run,"(_HERE / ""window_study_detail.json"").write_text(json.dumps(detail) + ""\n"","
tools/joint_estimator/gen_window_study.py,837,write_text,run,"ART_PATH.write_text(json.dumps(art, indent=1) + ""\n"", encoding=""utf-8"", newline=""\n"")"
tools/joint_estimator/gen_window_study.py,835,dumps,run,"(_HERE / ""window_study_detail.json"").write_text(json.dumps(detail) + ""\n"","
tools/joint_estimator/gen_window_study.py,837,dumps,run,"ART_PATH.write_text(json.dumps(art, indent=1) + ""\n"", encoding=""utf-8"", newline=""\n"")"
tools/joint_estimator/gen_wir_alignment_probe.py,344,loads,build_artifact,"a8 = json.loads(A8_SUMMARY.read_text(encoding=""utf-8""))"
tools/joint_estimator/gen_wir_alignment_probe.py,538,write_text,write_summary,"path.write_text(""\n"".join(L) + ""\n"", encoding=""utf-8"")"
tools/joint_estimator/gen_wir_alignment_probe.py,549,write_text,main,"Path(args.out_json).write_text(json.dumps(artifact, indent=1, ensure_ascii=False) + ""\n"","
tools/joint_estimator/gen_wir_alignment_probe.py,270,glob,iter_covered_stems,"for ours_path in sorted(CORPUS_DIR.glob(""*.ours.json"")):"
tools/joint_estimator/gen_wir_alignment_probe.py,344,read_text,build_artifact,"a8 = json.loads(A8_SUMMARY.read_text(encoding=""utf-8""))"
tools/joint_estimator/gen_wir_alignment_probe.py,295,read_bytes,iter_covered_stems,wb = Path(wir_path).read_bytes()
tools/joint_estimator/gen_wir_alignment_probe.py,549,dumps,main,"Path(args.out_json).write_text(json.dumps(artifact, indent=1, ensure_ascii=False) + ""\n"","
tools/joint_estimator/gen_wir_alignment_probe.py,91,read_bytes,_sha256_file,return hashlib.sha256(path.read_bytes()).hexdigest()
tools/joint_estimator/normalize.py,198,loads,_self_test,"fa = json.loads((_ROOT / ""tools/joint_estimator/fold_assignment.json"").read_text(encoding=""utf-8""))"
tools/joint_estimator/normalize.py,198,read_text,_self_test,"fa = json.loads((_ROOT / ""tools/joint_estimator/fold_assignment.json"").read_text(encoding=""utf-8""))"
tools/joint_estimator/probe_decoder.py,1394,loads,load_pieces,"d = json.loads(NOTE_EVENTS.read_text(encoding=""utf-8""))"
tools/joint_estimator/probe_decoder.py,288,loads,__init__,"self.tables = json.loads((_HERE / f""tables_{suffix}.json"").read_text(encoding=""utf-8""))"
tools/joint_estimator/probe_decoder.py,289,loads,__init__,"self.ntab = json.loads((_HERE / f""note_tables_{suffix}.json"").read_text(encoding=""utf-8""))"
tools/joint_estimator/probe_decoder.py,290,loads,__init__,"self.fpres = json.loads((_HERE / f""factor_presence_{suffix}.json"").read_text(encoding=""utf-8""))"
tools/joint_estimator/probe_decoder.py,323,loads,__init__,"fadd = json.loads(FERMATA_BOUNDARY.read_text(encoding=""utf-8""))"
tools/joint_estimator/probe_decoder.py,349,loads,_count_mode_marginal,"fa = json.loads(FOLD_ARTIFACT.read_text(encoding=""utf-8""))"
tools/joint_estimator/probe_decoder.py,1394,read_text,load_pieces,"d = json.loads(NOTE_EVENTS.read_text(encoding=""utf-8""))"
tools/joint_estimator/probe_decoder.py,288,read_text,__init__,"self.tables = json.loads((_HERE / f""tables_{suffix}.json"").read_text(encoding=""utf-8""))"
tools/joint_estimator/probe_decoder.py,289,read_text,__init__,"self.ntab = json.loads((_HERE / f""note_tables_{suffix}.json"").read_text(encoding=""utf-8""))"
tools/joint_estimator/probe_decoder.py,290,read_text,__init__,"self.fpres = json.loads((_HERE / f""factor_presence_{suffix}.json"").read_text(encoding=""utf-8""))"
tools/joint_estimator/probe_decoder.py,323,read_text,__init__,"fadd = json.loads(FERMATA_BOUNDARY.read_text(encoding=""utf-8""))"
tools/joint_estimator/probe_decoder.py,349,read_text,_count_mode_marginal,"fa = json.loads(FOLD_ARTIFACT.read_text(encoding=""utf-8""))"
tools/joint_estimator/probe_run.py,377,loads,re_grade_from_artifact,"dec = json.loads((_HERE / ""probe_corpus_decode.json"").read_text(encoding=""utf-8""))"
tools/joint_estimator/probe_run.py,434,loads,add_vs_default,"dec = json.loads((_HERE / ""probe_corpus_decode.json"").read_text(encoding=""utf-8""))"
tools/joint_estimator/probe_run.py,568,loads,write_summaries,"g = json.loads((_HERE / ""probe_grading.json"").read_text(encoding=""utf-8""))"
tools/joint_estimator/probe_run.py,569,loads,write_summaries,"p = json.loads((_HERE / ""probe_parity_report.json"").read_text(encoding=""utf-8""))"
tools/joint_estimator/probe_run.py,638,write_text,write_summaries,"(_HERE / ""probe_grading_summary.txt"").write_text(""\n"".join(L) + ""\n"", encoding=""utf-8"")"
tools/joint_estimator/probe_run.py,673,write_text,write_summaries,"(_HERE / ""probe_parity_summary.txt"").write_text(""\n"".join(Lp) + ""\n"", encoding=""utf-8"")"
tools/joint_estimator/probe_run.py,275,write_text,run_corpus,"(_HERE / ""probe_grading.json"").write_text(json.dumps(result, indent=1), encoding=""utf-8"")"
tools/joint_estimator/probe_run.py,276,write_text,run_corpus,"(_HERE / ""probe_corpus_decode.json"").write_text("
tools/joint_estimator/probe_run.py,362,write_text,measure_prune_loss,"(_HERE / ""probe_prune_loss.json"").write_text(json.dumps(out, indent=1), encoding=""utf-8"")"
tools/joint_estimator/probe_run.py,377,read_text,re_grade_from_artifact,"dec = json.loads((_HERE / ""probe_corpus_decode.json"").read_text(encoding=""utf-8""))"
tools/joint_estimator/probe_run.py,419,write_text,re_grade_from_artifact,"(_HERE / ""probe_grading.json"").write_text(json.dumps(result, indent=1), encoding=""utf-8"")"
tools/joint_estimator/probe_run.py,434,read_text,add_vs_default,"dec = json.loads((_HERE / ""probe_corpus_decode.json"").read_text(encoding=""utf-8""))"
tools/joint_estimator/probe_run.py,476,loads,add_vs_default,"g = json.loads((_HERE / ""probe_grading.json"").read_text(encoding=""utf-8""))"
tools/joint_estimator/probe_run.py,478,write_text,add_vs_default,"(_HERE / ""probe_grading.json"").write_text(json.dumps(g, indent=1), encoding=""utf-8"")"
tools/joint_estimator/probe_run.py,561,write_text,run_parity_artifact,"(_HERE / ""probe_parity_report.json"").write_text(json.dumps(art, indent=1), encoding=""utf-8"")"
tools/joint_estimator/probe_run.py,568,read_text,write_summaries,"g = json.loads((_HERE / ""probe_grading.json"").read_text(encoding=""utf-8""))"
tools/joint_estimator/probe_run.py,569,read_text,write_summaries,"p = json.loads((_HERE / ""probe_parity_report.json"").read_text(encoding=""utf-8""))"
tools/joint_estimator/probe_run.py,628,loads,write_summaries,"pl = json.loads((_HERE / ""probe_prune_loss.json"").read_text(encoding=""utf-8""))"
tools/joint_estimator/probe_run.py,275,dumps,run_corpus,"(_HERE / ""probe_grading.json"").write_text(json.dumps(result, indent=1), encoding=""utf-8"")"
tools/joint_estimator/probe_run.py,277,dumps,run_corpus,"json.dumps({""provenance"": result[""provenance""], ""pieces"": decode_records}, indent=1),"
tools/joint_estimator/probe_run.py,362,dumps,measure_prune_loss,"(_HERE / ""probe_prune_loss.json"").write_text(json.dumps(out, indent=1), encoding=""utf-8"")"
tools/joint_estimator/probe_run.py,419,dumps,re_grade_from_artifact,"(_HERE / ""probe_grading.json"").write_text(json.dumps(result, indent=1), encoding=""utf-8"")"
tools/joint_estimator/probe_run.py,476,read_text,add_vs_default,"g = json.loads((_HERE / ""probe_grading.json"").read_text(encoding=""utf-8""))"
tools/joint_estimator/probe_run.py,478,dumps,add_vs_default,"(_HERE / ""probe_grading.json"").write_text(json.dumps(g, indent=1), encoding=""utf-8"")"
tools/joint_estimator/probe_run.py,561,dumps,run_parity_artifact,"(_HERE / ""probe_parity_report.json"").write_text(json.dumps(art, indent=1), encoding=""utf-8"")"
tools/joint_estimator/probe_run.py,628,read_text,write_summaries,"pl = json.loads((_HERE / ""probe_prune_loss.json"").read_text(encoding=""utf-8""))"
tools/joint_estimator/probe_run.py,544,dumps,run_parity_artifact,"""the feature implementation is wrong. "" + json.dumps(fire_rows))"
tools/joint_estimator/search_direct.py,551,loads,run,"wf = json.loads((_HERE / ""weight_fit.json"").read_text(encoding=""utf-8""))"
tools/joint_estimator/search_direct.py,703,write_text,merge_parts,"dst.write_text(json.dumps(out, indent=1), encoding=""utf-8"")"
tools/joint_estimator/search_direct.py,551,read_text,run,"wf = json.loads((_HERE / ""weight_fit.json"").read_text(encoding=""utf-8""))"
tools/joint_estimator/search_direct.py,577,write_text,run,"Path(out_path).write_text(json.dumps(out, indent=1), encoding=""utf-8"")"
tools/joint_estimator/search_direct.py,661,glob,merge_parts,"parts = sorted(_HERE.glob(""weight_search_part_*.json""))"
tools/joint_estimator/search_direct.py,666,loads,merge_parts,"d = json.loads(p.read_text(encoding=""utf-8""))"
tools/joint_estimator/search_direct.py,703,dumps,merge_parts,"dst.write_text(json.dumps(out, indent=1), encoding=""utf-8"")"
tools/joint_estimator/search_direct.py,577,dumps,run,"Path(out_path).write_text(json.dumps(out, indent=1), encoding=""utf-8"")"
tools/joint_estimator/search_direct.py,666,read_text,merge_parts,"d = json.loads(p.read_text(encoding=""utf-8""))"
tools/joint_estimator/search_run.py,204,loads,main,"search = json.loads(SEARCH_ARTIFACT.read_text(encoding=""utf-8""))"
tools/joint_estimator/search_run.py,205,loads,main,"committed = json.loads(FIT_GRADING.read_text(encoding=""utf-8""))"
tools/joint_estimator/search_run.py,206,loads,main,"wf = json.loads((_HERE / ""weight_fit.json"").read_text(encoding=""utf-8""))"
tools/joint_estimator/search_run.py,391,write_text,main,"OUT_JSON.write_text(json.dumps(out, indent=1), encoding=""utf-8"")"
tools/joint_estimator/search_run.py,510,write_text,write_summary,"OUT_SUMMARY.write_text(""\n"".join(L) + ""\n"", encoding=""utf-8"")"
tools/joint_estimator/search_run.py,204,read_text,main,"search = json.loads(SEARCH_ARTIFACT.read_text(encoding=""utf-8""))"
tools/joint_estimator/search_run.py,205,read_text,main,"committed = json.loads(FIT_GRADING.read_text(encoding=""utf-8""))"
tools/joint_estimator/search_run.py,206,read_text,main,"wf = json.loads((_HERE / ""weight_fit.json"").read_text(encoding=""utf-8""))"
tools/joint_estimator/search_run.py,391,dumps,main,"OUT_JSON.write_text(json.dumps(out, indent=1), encoding=""utf-8"")"
tools/notation_seams/analyze_cost_profile.py,108,load,main,"counts = load(NS / ""large_score_profile_counts.json"")"
tools/notation_seams/analyze_cost_profile.py,109,load,main,"decode = load(NS / ""large_score_decode_profile.json"")"
tools/notation_seams/analyze_cost_profile.py,110,load,main,"content_dp = load(JE / ""content_dp_split.json"")"
tools/notation_seams/analyze_cost_profile.py,111,load,main,"latency = load(NS / ""noteseam_latency.json"")"
tools/notation_seams/analyze_cost_profile.py,290,write_text,main,"outp.write_text(json.dumps(out, ensure_ascii=False, indent=1) + ""\n"", encoding=""utf-8"")"
tools/notation_seams/analyze_cost_profile.py,42,loads,load,"return json.loads(p.read_text(encoding=""utf-8"")) if p.exists() else None"
tools/notation_seams/analyze_cost_profile.py,42,read_text,load,"return json.loads(p.read_text(encoding=""utf-8"")) if p.exists() else None"
tools/notation_seams/analyze_cost_profile.py,290,dumps,main,"outp.write_text(json.dumps(out, ensure_ascii=False, indent=1) + ""\n"", encoding=""utf-8"")"
tools/notation_seams/choose_exposure_constants.py,67,open,main,"with open(MEASUREMENT, ""r"", encoding=""utf-8"") as f:"
tools/notation_seams/choose_exposure_constants.py,68,load,main,data = json.load(f)
tools/notation_seams/choose_exposure_constants.py,146,open,main,"with open(OUT, ""w"", encoding=""utf-8"") as f:"
tools/notation_seams/choose_exposure_constants.py,147,dump,main,"json.dump(out, f, indent=2)"
tools/notation_seams/classify_dualarm.py,379,open,main,"with open(args.capture, ""r"", encoding=""utf-8"") as fh:"
tools/notation_seams/classify_dualarm.py,380,load,main,cap = json.load(fh)
tools/notation_seams/classify_dualarm.py,436,open,main,"with open(args.out, ""w"", encoding=""utf-8"", newline=""\n"") as fh:"
tools/notation_seams/classify_dualarm.py,437,dump,main,"json.dump(report, fh, indent=1, ensure_ascii=False)"
tools/notation_seams/classify_dualarm.py,479,open,main,"with open(args.summary, ""w"", encoding=""utf-8"", newline=""\n"") as fh:"
tools/notation_seams/gen_callpath_facts.py,339,write_text,main,"OUT.write_text(json.dumps(doc, indent=2, sort_keys=True) + ""\n"", encoding=""utf-8"")"
tools/notation_seams/gen_callpath_facts.py,339,dumps,main,"OUT.write_text(json.dumps(doc, indent=2, sort_keys=True) + ""\n"", encoding=""utf-8"")"
tools/notation_seams/gen_callpath_facts.py,113,read_text,verify_anchors,"cache[rel] = p.read_text(encoding=""utf-8"", errors=""replace"").splitlines()"
tools/notation_seams/gen_editing_cycle.py,112,load,main,"latency = load(NS / ""noteseam_latency.json"")"
tools/notation_seams/gen_editing_cycle.py,113,load,main,"decode = load(NS / ""large_score_decode_profile.json"")"
tools/notation_seams/gen_editing_cycle.py,175,write_text,main,"(NS / ""editing_cycle.json"").write_text(json.dumps(out, ensure_ascii=False, indent=1) + ""\n"","
tools/notation_seams/gen_editing_cycle.py,50,loads,load,"return json.loads(p.read_text(encoding=""utf-8"")) if p.exists() else None"
tools/notation_seams/gen_editing_cycle.py,50,read_text,load,"return json.loads(p.read_text(encoding=""utf-8"")) if p.exists() else None"
tools/notation_seams/gen_editing_cycle.py,175,dumps,main,"(NS / ""editing_cycle.json"").write_text(json.dumps(out, ensure_ascii=False, indent=1) + ""\n"","
tools/notation_seams/gen_ground_truth_inventory.py,91,glob,count_tsv_labels,"for f in tsv_dir.glob(""*.tsv""):"
tools/notation_seams/gen_ground_truth_inventory.py,109,glob,max_measure,"for f in ms3_dir.glob(""*.mscx""):"
tools/notation_seams/gen_ground_truth_inventory.py,175,write_text,main,"(NS / ""ground_truth_inventory.json"").write_text("
tools/notation_seams/gen_ground_truth_inventory.py,112,glob,max_measure,"scores = sorted(ms3_dir.glob(""*.mscx""), key=lambda p: p.stat().st_size, reverse=True)"
tools/notation_seams/gen_ground_truth_inventory.py,115,read_text,max_measure,"txt = scores[0].read_text(encoding=""utf-8"", errors=""replace"")"
tools/notation_seams/gen_ground_truth_inventory.py,176,dumps,main,"json.dumps(out, ensure_ascii=False, indent=1) + ""\n"", encoding=""utf-8"")"
tools/notation_seams/gen_ground_truth_inventory.py,94,open,count_tsv_labels,"with open(f, encoding=""utf-8"", newline="""") as fh:"
tools/notation_seams/reconcile_switch_goldens.py,111,loads,git_show,"return json.loads(out.stdout.decode(""utf-8""))"
tools/notation_seams/reconcile_switch_goldens.py,373,open,main,"with open(args.out, ""w"", encoding=""utf-8"", newline=""\n"") as fh:"
tools/notation_seams/reconcile_switch_goldens.py,374,dump,main,"json.dump(report, fh, indent=1, ensure_ascii=False)"
tools/notation_seams/reconcile_switch_goldens.py,403,open,main,"with open(args.summary, ""w"", encoding=""utf-8"", newline=""\n"") as fh:"
tools/notation_seams/reconcile_switch_goldens.py,304,open,main,"with open(args.p6, ""r"", encoding=""utf-8"") as fh:"
tools/notation_seams/reconcile_switch_goldens.py,315,open,main,"with open(os.path.join(snap_dir, fn), ""r"", encoding=""utf-8"") as fh:"
tools/notation_seams/reconcile_switch_goldens.py,316,load,main,new = json.load(fh)
tools/notation_seams/reconcile_switch_goldens.py,300,listdir,main,"goldens = sorted(f for f in os.listdir(snap_dir) if f.endswith("".json""))"
tools/notation_seams/reconcile_switch_goldens.py,305,load,main,"p6_grand = json.load(fh).get(""grandTotals"")"
