kind,file,line,ident,context,population,verdict,fire_route,in_param_manifest,notes
function,src/composing/analysis/chord/chordslicedecoder.cpp,51,verticalScore,verticalScore (51-55),L4-DECODER,SURVIVES,BOTH,,"Pure. Assumes ScoringCell carries basisIndep/basisDep/complexityFactor/augFactor/wCompleteBonus (the one scorer's cube cell). Publishes the null-context vertical fit score (the ranking key). Formula identical to DiagnosticOracleCell::verticalScore — ONE score formula, no second scorer (#6-clean). BOUNDARY: ScoringCell fields owned by the scoring-oracle session."
function,src/composing/analysis/chord/chordslicedecoder.cpp,60,candidateBetter,candidateBetter (60-72),L4-DECODER,SURVIVES,BOTH,,"Strict weak ordering: score desc, then template index, root pc, bass pc — fully deterministic (determinism test-covered). No edge hazard (total order)."
function,src/composing/analysis/chord/chordslicedecoder.cpp,74,sameChordVoicing,sameChordVoicing (74-77),L4-DECODER,SURVIVES,BOTH,,"Pure equality on (root,quality,bass) — the 'same voicing' identity for alternative dedup."
function,src/composing/analysis/chord/chordslicedecoder.cpp,79,sameChordSymbol,sameChordSymbol (79-82),L4-DECODER,SURVIVES,BOTH,,"Pure equality on (root,quality) ignoring bass — the 'different chord' identity for the confidence margin and open-question."
function,src/composing/analysis/chord/chordslicedecoder.cpp,88,templateToneCount,templateToneCount (88-98),L4-DECODER,SURVIVES,BOTH,,Sufficiency DENOMINATOR: counts non-(-1) intervals of kTemplateIntervals[tie]. Edge: tie<0 or >=kTemplateCount -> 0 (guarded). Consumes kTemplateIntervals/kTemplateCount as the SINGLE source (no second interval set). BOUNDARY: kTemplateIntervals owned by the oracle session.
function,src/composing/analysis/chord/chordslicedecoder.cpp,106,sameCollectionOverFocal,sameCollectionOverFocal (106-121),L4-DECODER,SURVIVES,CORPUS,,G6 share-tone cue: every focal pc is a template tone of a OR b AND each covers >=3. Publishes the ShareTone signal into nameOpenQuestion. Edge: empty focal -> false. Consumes bassIsTemplateChordTone (oracle). Fires: ShareTone ambiguity 11.5% of slices.
function,src/composing/analysis/chord/chordslicedecoder.cpp,127,relativePair,relativePair (127-134),L4-DECODER,SURVIVES,CORPUS,,"G6 relative-pair cue: roots a minor third apart (delta in {3,9}) + maj<->min. Publishes RelativePair signal (fires 2.1%). Uses the coarse ChordQuality category (a triad-quality fact)."
function,src/composing/analysis/chord/chordslicedecoder.cpp,142,eligibleNotesInSpan,eligibleNotesInSpan (142-165),L4-DECODER,SURVIVES,BOTH,,"Projects NoteModel::overlapping -> FocalNote with the SAME eligibility filter as weightedPcView/soundingAt (plays&&visible&&staffEligible&&!grace&&!excluded), so the focal pc set matches the grader. Consumes NoteModel::overlapping + regionMetricWeightForOnsetTick (L1/L1.5 boundary). Edge: grace/excluded dropped; ties are tie-resolved on the NoteEvent."
function,src/composing/analysis/chord/chordslicedecoder.cpp,168,distinctPcCount,distinctPcCount (168-177),L4-DECODER,SURVIVES,BOTH,,Distinct pcs over a focal set (12-bool sieve). Pure; drives the adaptive-window stop condition.
function,src/composing/analysis/chord/chordslicedecoder.cpp,186,adaptiveWindow,adaptiveWindow (186-218),L4-DECODER,SURVIVES,BOTH,,"Lazy-extend window: base +/-contextSlices, grow to minHarmonyPcs distinct pcs OR +/-maxContextSlices. Assumes slices tile the domain contiguously (documented). Edge: clamps at the slice-vector edges; reports clampedLo/Hi for decodeSelection (null out-params keep the decode()/diagnostic caller inert). Consumes eligibleNotesInSpan for the distinct-pc probe."
function,src/composing/analysis/chord/chordslicedecoder.cpp,223,isChordToneOfAny,isChordToneOfAny (223-231),L4-DECODER,SURVIVES,BOTH,,Reuses bassIsTemplateChordTone over a chord list (the one chord-tone oracle / kMasks) — no second interval set. Pure. BOUNDARY: bassIsTemplateChordTone owned by the oracle session.
function,src/composing/analysis/chord/chordslicedecoder.cpp,235,noteSalience,noteSalience (235-240),L4-DECODER,SURVIVES,CORPUS,,"metricWeight[0.5,1] x min(1, durQn/ref) — the embellishment-likeness signal. Edge: ref floored at 1e-6. Consumes membershipReferenceDurationQn (a decoder seed)."
function,src/composing/analysis/chord/chordslicedecoder.cpp,242,isSemitoneStep,isSemitoneStep (242-246),L4-DECODER,SURVIVES,CORPUS,,"Tests a melodic STEP: |p1-p2| in {1,2} (minor OR major 2nd). FINDING (naming): the name says 'Semitone' but d==2 (a whole tone) also returns true — it is a <=major-2nd step test, matching its own comment ('minor/major 2nd') but not its name. Behaviour correct; name imprecise."
function,src/composing/analysis/chord/chordslicedecoder.cpp,268,stepwiseSignals,stepwiseSignals (268-318),L4-DECODER,SURVIVES,CORPUS,,Per-voice melodic pred/succ within stepwiseGapToleranceTicks; computes stepIn/stepOut/leapIn/leapOut/suspension. Edge: absent pred/succ (boundary / isolated note) -> those signals false; prevChord/nextChord may be null (two-pass off / boundary). Consumes isSemitoneStep + isChordToneOfAny. Publishes StepwiseSignals into classifyTone.
function,src/composing/analysis/chord/chordslicedecoder.cpp,341,classifyTone,classifyTone (341-375),L4-DECODER,SURVIVES,CORPUS,,"The three-tier ladder: Tier1 (suspension | stepIn&&stepOut) -> NCT; Tier3 (one-sided step) -> appoggiatura(stepOut)=NCT else salience; Tier2 (leapIn&&leapOut) -> CT; fallthrough (isolated / one open side) -> salience. Structure decides Tiers 1/2, weight only Tier 3 + fallthrough. Publishes ToneOutcome."
function,src/composing/analysis/chord/chordslicedecoder.cpp,383,allFocalAreTemplateTonesOf,allFocalAreTemplateTonesOf (383-392),L4-DECODER,SURVIVES,CORPUS,,Template-only inherit base (the conservative G1 inherit where no next-provisional confirms a continuation). Pure. BOUNDARY: bassIsTemplateChordTone (oracle).
function,src/composing/analysis/chord/chordslicedecoder.cpp,405,focalConsistentAsEmbellishmentsOf,focalConsistentAsEmbellishmentsOf (405-423),L4-DECODER,SURVIVES,CORPUS,,Ladder inherit consistency: every focal note is a template tone OR a (classifyTone) non-chord embellishment of the prevailing chord. A structural foreign note -> not a continuation. Consumes classifyTone. The continuation-gated inherit relaxation.
function,src/composing/analysis/chord/chordslicedecoder.cpp,432,candidatesForWindow,candidatesForWindow (432-489),L4-DECODER,SURVIVES,BOTH,,"THE generation step: weightedPcView -> analyzeChord(snapshot) -> project every cube cell (bass x root x template) to a ChordSliceCandidate with its vertical score. Publishes the candidate list + pcWeight/tpcForPc. Edge: empty when the window has too few distinct pcs (analyzeChord gates). L4->L5 carry: matches a cube cell to analyzeChord's <=4 ranked results for real extensions, else honest-carry default. BOUNDARY (central decoder->oracle seam): analyzeChord + ScoringSnapshot owned by the oracle session."
function,src/composing/analysis/chord/chordslicedecoder.cpp,499,completeChosenExtensions,completeChosenExtensions (499-513),L4-DECODER,SURVIVES,BOTH,,Completes the chosen chord's extension identity via deriveChordExtensions on the window's pcWeight/tpcForPc (the same primitive buildChordResult uses). Edge: no-op when chosen already known or rootless. Publishes chosen.extensions/naturalFifthPresent/extensionsKnown (the L4->L5 carry). BOUNDARY: deriveChordExtensions (oracle).
function,src/composing/analysis/chord/chordslicedecoder.cpp,521,populateForwardContract,populateForwardContract (521-543),L4-DECODER,SURVIVES,CORPUS,,G6: computes the composite confidence (computeConfidence) + the named open question (nameOpenQuestion) AFTER the decision. Representational — changes NO decision field. Publishes confidenceModel + openQuestion. Consumes classifyMembership for the cleanliness axis.
function,src/composing/analysis/chord/chordslicedecoder.cpp,566,symmetricRotationSet,symmetricRotationSet (566-598),L4-DECODER,SURVIVES,BOTH,,"Detects the two catalogue symmetric sonorities from the chosen quality + focal pcs present: augmented (r,r+4,r+8) or FULL dim7 (r,r+3,r+6,r+9). Edge: a plain dim TRIAD (no r+9) is NOT symmetric (guarded) -> the pin never touches it. Assumes the existing catalogue (the 4-note dim7 TYPE C2/G5 is deferred). Publishes SymRotationSet."
function,src/composing/analysis/chord/chordslicedecoder.cpp,605,focalLineOfFifths,focalLineOfFifths (605-619),L4-DECODER,SURVIVES,BOTH,,"The line-of-fifths a pc is spelled at across the focal notes, or kNoLineOfFifths (absent) / kContradictedLof (two spellings of one pc). Consumes the SHARED engravingbridge::lineOfFifths (one spelling interpreter — #6-clean). Edge: same pc spelled two ways -> contradiction sentinel."
function,src/composing/analysis/chord/chordslicedecoder.cpp,627,spellingRootOf,spellingRootOf (627-647),L4-DECODER,SURVIVES,BOTH,,"The spelling-determined root of a symmetric set: LOF-sorted stack must rise by stepFifths each; root = sharpest (dim7) / flattest (aug). Edge: absent / contradicted / non-clean-stack -> -1 (defer to the scorer's key choice). Deterministic pin, not a tuned bonus."
function,src/composing/analysis/chord/chordslicedecoder.cpp,653,bestRotationCandidate,bestRotationCandidate (653-665),L4-DECODER,SURVIVES,BOTH,,"Finds the cube candidate re-rooting the chosen symmetric chord to the spelled root (prefer the chosen's own bass, else any voicing). Edge: rotation not in the surfaced cube -> nullptr (defensive; every dim7 rotation is normally scored)."
function,src/composing/analysis/chord/chordslicedecoder.cpp,669,spellingPinnedRoot,spellingPinnedRoot (669-678),L4-DECODER,SURVIVES,BOTH,,"Public wrapper: enableSpellingPin gate -> spellingRootOf(symmetricRotationSet). Pure; exposed for the scorer-independent behaviour tests. Corpus: pin firing not directly emitted (no pinned-flag); population = symmetric sonorities (committed Augmented=6, Diminished largely abstains on Baroque); TEST-confirmed (SpellingPin_* incl. dim7/aug/absent/contradicted)."
function,src/composing/analysis/chord/chordslicedecoder.cpp,713,symmetricRotationSet,symmetricRotationSet (713-713),L4-DECODER,SURVIVES,BOTH,,"SCANNER OVER-CAPTURE: this is the decideSlice call-expression 'symmetricRotationSet(sc.chosen, focal)' at cpp:713 (a ternary arm), NOT a second definition. Expected per the inventory's declared over-capture-biased heuristic. See the real definition at cpp:566."
function,src/composing/analysis/chord/chordslicedecoder.cpp,680,decideSlice,decideSlice (680-792),L4-DECODER,SURVIVES,BOTH,,"THE scorer-independent core: rank the cube, choose the top, apply the G4/C1 spelling-pin, confidence = chosen - best DIFFERENT (root,quality) EXCLUDING spelling-resolved siblings, build alternatives (topK cap, union the prevailing). Edge: empty candidates -> abstain + uncertain. Publishes SliceChord (chosen/confidence/uncertain/alternatives). The ARCHITECTURE contract centrepiece."
function,src/composing/analysis/chord/chordslicedecoder.cpp,794,classifyMembership,classifyMembership (794-855),L4-DECODER,SURVIVES,CORPUS,,"Per-pc chord-tone/non-chord-tone: a template tone OR >=1 focal note structural-extension -> CT; every focal note embellishment-like + not template -> NCT; + implausibilityPenalty (a Tier-1 template tone, OR an extra structural note). Publishes MembershipResult. NCT non-empty fires on 5.8% of slices."
function,src/composing/analysis/chord/chordslicedecoder.cpp,857,templateTonePresenceCount,templateTonePresenceCount (857-870),L4-DECODER,SURVIVES,BOTH,,Distinct focal pcs that are template tones of the chosen chord — the sufficiency gate's source (the phantom-root guard). Pure. BOUNDARY: bassIsTemplateChordTone (oracle).
function,src/composing/analysis/chord/chordslicedecoder.cpp,872,computeConfidence,computeConfidence (872-906),L4-DECODER,SURVIVES,CORPUS,,"G6 composite = min(marginCertainty, sufficiency, cleanliness) — low when ANY axis is low. REPRESENTATIONAL (drives no decision). Edge: focalPcs==0 -> cleanliness 1.0; required==0 -> sufficiency 0. composite<0.5 on 55.7% of slices."
function,src/composing/analysis/chord/chordslicedecoder.cpp,908,nameOpenQuestion,nameOpenQuestion (908-976),L4-DECODER,SURVIVES,CORPUS,,G6: names the open axis (Root/Quality) + the ambiguity kind from chosen vs best-different + sufficient/wasTransition. Edge: rootless chosen -> Root/InsufficientEvidence; no different reading -> Quality/CloseReading. Consumes sameCollectionOverFocal + relativePair. Fires: Root 59.6% / Quality 2.9%. NOTE: OpenQuestion::NoteMembership is never produced (reserved this increment); AmbiguityKind::SymmetricRotation never fires on the corpus (see line 967).
function,src/composing/analysis/chord/chordslicedecoder.cpp,978,applyCommitDecision,applyCommitDecision (978-1070),L4-DECODER,SURVIVES,BOTH,,"The G1 trichotomy: Commit (sufficient && marginOk); Inherit (insufficient && CONTINUES prevailing via the ladder, gated on nextChord==prevailing) else the template-only base at a boundary; Abstain (else). Edge: enableCommitDecision OFF -> no-op (pre-G1); no scorable -> abstain. Corpus: Commit 34.4% / Inherit 3.0% / Abstain 62.6%."
function,src/composing/analysis/chord/chordslicedecoder.cpp,1093,buildSliceWork,buildSliceWork (1093-1116),L4-DECODER,SURVIVES,BOTH,,Per-slice cache across the two passes: adaptiveWindow -> candidatesForWindow -> focal/window FocalNote streams -> pass1 provisional (context-free). Consumes decideSlice. Pass-1 cost paid once per slice (no O(N^2)).
function,src/composing/analysis/chord/chordslicedecoder.cpp,1121,finalizeSlice,finalizeSlice (1121-1154),L4-DECODER,SURVIVES,CORPUS,,Pass 2: apply the membership penalty to the candidate scores -> decideSlice -> applyCommitDecision -> completeChosenExtensions -> classify the chosen chord's focal membership. Publishes the final SliceChord.
function,src/composing/analysis/chord/chordslicedecoder.cpp,1163,decodeWindowed,decodeWindowed (1163-1232),L4-DECODER,SURVIVES,CORPUS,,"The decode/re-decode driver over [outFirst,outLast]: membership-OFF = pass-1-only incumbent chain (Increment-A); membership-ON = two-pass (pass-1 over the wider span [outFirst-2..outLast+1] -> pass-2 with prevC/nextC + the prevailing chain). Edge: T==0 / out-of-range guards. The incremental-contract core (redecodeRange reproducibility). Corpus: membership-ON path (default)."
function,src/composing/analysis/chord/chordslicedecoder.cpp,1236,decode,decode (1236-1251),L4-DECODER,SURVIVES,CORPUS,,"Full-pipeline entry: decodeWindowed(0, T-1). The wired diagnostic caller (batch_analyze --decode-chords / --dump-fullspine). 29080 slices over the Baroque corpus."
function,src/composing/analysis/chord/chordslicedecoder.cpp,1253,redecodeRange,redecodeRange (1253-1265),L4-DECODER,SURVIVES,TEST,,Sub-range re-decode under the incremental contract (context-free ranking; bounded look-back for an inherit chain). DORMANT staging: no corpus/production caller uses it (decode() is used); reached only by Fixture_RedecodeRange_MatchesFullDecode. Declared dormant in ARCHITECTURE (built-but-inert staging).
function,src/composing/analysis/chord/chordslicedecoder.cpp,1274,decisionIsRelevant,decisionIsRelevant (1274-1277),L4-DECODER,SURVIVES,TEST,,Bounded-context: a truncated edge requests only when the decision is NOT already a full-margin Commit. DORMANT: reached only via decodeSelection (EDGE tests); enableEdgeExtension default false.
function,src/composing/analysis/chord/chordslicedecoder.cpp,1282,edgeClampAtSlice,edgeClampAtSlice (1282-1291),L4-DECODER,SURVIVES,TEST,,Bounded-context: reuses adaptiveWindow's clamp report to detect a starved selection-edge window. DORMANT: decodeSelection helper (EDGE tests only).
function,src/composing/analysis/chord/chordslicedecoder.cpp,1297,edgeIncrementTicks,edgeIncrementTicks (1297-1304),L4-DECODER,SURVIVES,TEST,,"Bounded-context: the edge-extension increment in ticks (slices x max(edge-slice-width, one beat)). Efficiency knob only. DORMANT: decodeSelection helper (EDGE tests only)."
function,src/composing/analysis/chord/chordslicedecoder.cpp,1308,decodeSelection,decodeSelection (1308-1416),L4-DECODER,SURVIVES,TEST,,The bounded-context SELECTION decode + starved-window edge-extension requester loop. DORMANT: header states 'no production consumer'; reached only by EDGE1-7. enableEdgeExtension default false => byte-identical to a plain decode of the selection. Declared dormancy (cowork_bounded_context_design.md names the future selection/engagement consumer). SETS the clippedBySelectionEdge/cueDenied provenance (unpublished on every live route).
function,src/composing/analysis/chord/chordslicedecoder.h,353,bassIsRoot,bassIsRoot (353-353),L4-DECODER,SURVIVES,BOTH,,ChordSliceCandidate::bassPc==rootPc (inline). Published: --decode-chords emits bassIsRoot per region + per alternative.
function,src/composing/analysis/chord/chordslicedecoder.h,481,pc,pc (481-481),L4-DECODER,SURVIVES,BOTH,,FocalNote::pc() = ((pitch%12)+12)%12 (inline). Pure.
crosslayer,src/composing/analysis/chord/chordslicedecoder.cpp,23,chordslicedecoder.h,#include chordslicedecoder.h -> external,L4-DECODER,SURVIVES,n/a,,Self header. SURVIVES.
crosslayer,src/composing/analysis/chord/chordslicedecoder.cpp,30,function/harmonicfunctionlayer.h,#include function/harmonicfunctionlayer.h -> function,L4-DECODER,SURVIVES,n/a,,"BOUNDARY/FINDING-CANDIDATE: the L4 decoder includes an L5-named TU (function/harmonicfunctionlayer.h) for ScoringSnapshot/ScoringCell (the scorer's CUBE) + bassIsTemplateChordTone (the chord-tone oracle). These are L4-scorer concerns declared in an L5-named header -> a layer-HOME question, deferred to the scoring-oracle / L5 audit (likely coincides with the harmonicfunctionlayer rename). No duplication (correct reuse of the one cube + one chord-tone oracle)."
crosslayer,src/composing/analysis/chord/chordslicedecoder.cpp,31,composing/analysis/engravingbridge/regiontonecollector.h,#include composing/analysis/engravingbridge/regiontonecollector.h -> engravingbridge,L4-DECODER,SURVIVES,n/a,,weightedPcView — the shared INDEXED L1.5 pc view. Correct shared-primitive reuse (#6-clean).
crosslayer,src/composing/analysis/chord/chordslicedecoder.cpp,32,composing/analysis/engravingbridge/spellingview.h,#include composing/analysis/engravingbridge/spellingview.h -> engravingbridge,L4-DECODER,SURVIVES,n/a,,"lineOfFifths/kNoLineOfFifths — the SHARED per-note spelling interpreter for G4/C1. Correct shared-primitive reuse (one spelling reader) — the tpc-fold unification residual (a SECOND tpc reader in the legacy scorer) is documented in ARCHITECTURE and belongs to the engage step, not the decoder."
crosslayer,src/composing/analysis/chord/chordslicedecoder.cpp,33,composing/analysis/scoreharvest/metricweights.h,#include composing/analysis/scoreharvest/metricweights.h -> scoreharvest,L4-DECODER,SURVIVES,n/a,,regionMetricWeightForOnsetTick — the shared indexed per-note beat weight (L1.5). Correct shared-primitive reuse.
crosslayer,src/composing/analysis/chord/chordslicedecoder.h,146,chordanalyzer.h,#include chordanalyzer.h -> external,L4-DECODER,SURVIVES,n/a,,"The scorer CONTRACT surface (ChordQuality, ChordAnalyzerPreferences, RuleBasedChordAnalyzer, ChordAnalysisResult, ChordIdentity, kTemplateCount/kTemplateIntervals, deriveChordExtensions). Correct upward dependency on the one scorer. BOUNDARY: internals owned by the oracle session."
crosslayer,src/composing/analysis/chord/chordslicedecoder.h,147,composing/analysis/notemodel/note_model.h,#include composing/analysis/notemodel/note_model.h -> notemodel,L4-DECODER,SURVIVES,n/a,,L1 note model (certified). Correct upward dependency.
crosslayer,src/composing/analysis/chord/chordslicedecoder.h,148,composing/analysis/slicing/slicer.h,#include composing/analysis/slicing/slicer.h -> slicing,L4-DECODER,SURVIVES,n/a,,L2 change-point slicer (certified). Correct upward dependency.
field,src/composing/analysis/chord/chordslicedecoder.h,165,ChordSliceDecoderPreferences.contextSlices,int contextSlices = 1;,L4-DECODER,SURVIVES,n/a,,Setting: base window half-width (seed=1). Not in param_manifest.
field,src/composing/analysis/chord/chordslicedecoder.h,169,ChordSliceDecoderPreferences.topK,int topK = 6;,L4-DECODER,SURVIVES,n/a,,Setting: kept alternatives (seed=6). Corpus: cap binds on 100% of slices. Not in param_manifest.
field,src/composing/analysis/chord/chordslicedecoder.h,174,ChordSliceDecoderPreferences.uncertaintyMargin,double uncertaintyMargin = 0.5;,L4-DECODER,SURVIVES,n/a,,Setting: the uncertain/abstain margin (seed=0.5). Drives 62.6% abstain on Baroque. Not in param_manifest (FINDING cluster).
field,src/composing/analysis/chord/chordslicedecoder.h,182,ChordSliceDecoderPreferences.minDistinctPcs,int minDistinctPcs = 1;,L4-DECODER,SURVIVES,n/a,,Setting: analyzeChord distinct-pc floor relaxed to 1 for thin slices (production untouched — applied to a prefs COPY). Not in param_manifest.
field,src/composing/analysis/chord/chordslicedecoder.h,196,ChordSliceDecoderPreferences.maxContextSlices,int maxContextSlices = 3;,L4-DECODER,SURVIVES,n/a,,Setting: adaptive-window upper bound (seed=3). Not in param_manifest.
field,src/composing/analysis/chord/chordslicedecoder.h,199,ChordSliceDecoderPreferences.minHarmonyPcs,int minHarmonyPcs = 3;,L4-DECODER,SURVIVES,n/a,,Setting: distinct-pc target that stops lazy extension (seed=3). Not in param_manifest.
field,src/composing/analysis/chord/chordslicedecoder.h,215,ChordSliceDecoderPreferences.enableMembership,bool enableMembership = true;,L4-DECODER,SURVIVES,n/a,,Mode switch (default true). OFF-arm (pass-1-only) is TEST-only on the corpus route.
field,src/composing/analysis/chord/chordslicedecoder.h,219,ChordSliceDecoderPreferences.twoPass,bool twoPass = true;,L4-DECODER,SURVIVES,n/a,,Mode switch (default true) — the neighbour-aware second pass.
field,src/composing/analysis/chord/chordslicedecoder.h,227,ChordSliceDecoderPreferences.membershipSalienceThreshold,double membershipSalienceThreshold = 0.55;,L4-DECODER,SURVIVES,n/a,,Setting: Tier-3 salience threshold (seed=0.55). Not in param_manifest.
field,src/composing/analysis/chord/chordslicedecoder.h,230,ChordSliceDecoderPreferences.membershipReferenceDurationQn,double membershipReferenceDurationQn = 1.0;,L4-DECODER,SURVIVES,n/a,,Setting: full-length duration reference for salience (seed=1.0). Not in param_manifest.
field,src/composing/analysis/chord/chordslicedecoder.h,238,ChordSliceDecoderPreferences.membershipPenaltyWeight,double membershipPenaltyWeight = 0.6;,L4-DECODER,SURVIVES,n/a,,Setting: membership->selection feedback strength (seed=0.6; 0 disables re-rank). Not in param_manifest.
field,src/composing/analysis/chord/chordslicedecoder.h,242,ChordSliceDecoderPreferences.stepwiseGapToleranceTicks,int stepwiseGapToleranceTicks = 0;,L4-DECODER,SURVIVES,n/a,,Setting: adjacency tolerance for the stepwise test (seed=0). Not in param_manifest.
field,src/composing/analysis/chord/chordslicedecoder.h,256,ChordSliceDecoderPreferences.enableCommitDecision,bool enableCommitDecision = true;,L4-DECODER,SURVIVES,n/a,,Mode switch (default true). OFF-arm (always-commit) is TEST-only on the corpus route.
field,src/composing/analysis/chord/chordslicedecoder.h,263,ChordSliceDecoderPreferences.sufficiencyChordTones,int sufficiencyChordTones = 3;,L4-DECODER,SURVIVES,n/a,yes,"Setting: the sufficiency floor (seed=3). The ONLY decoder constant in tools/param_manifest.json (G11, family=abstention, status=frozen, dormant)."
field,src/composing/analysis/chord/chordslicedecoder.h,283,ChordSliceDecoderPreferences.enableSpellingPin,bool enableSpellingPin = true;,L4-DECODER,SURVIVES,n/a,,Mode switch (default true). OFF-arm is TEST-only on the corpus route.
field,src/composing/analysis/chord/chordslicedecoder.h,303,ChordSliceDecoderPreferences.enableEdgeExtension,bool enableEdgeExtension = false;,L4-DECODER,SURVIVES,n/a,,Mode switch (default FALSE) — the dormant bounded-context edge extension. Never true on any live route.
field,src/composing/analysis/chord/chordslicedecoder.h,308,ChordSliceDecoderPreferences.maxEdgeExtendSteps,int maxEdgeExtendSteps = 4;,L4-DECODER,SURVIVES,n/a,,Setting: edge-extension hard bound (seed=4). DORMANT (edge extension off). Not in param_manifest.
field,src/composing/analysis/chord/chordslicedecoder.h,314,ChordSliceDecoderPreferences.edgeExtendIncrementSlices,int edgeExtendIncrementSlices = 1;,L4-DECODER,SURVIVES,n/a,,Setting: edge-extension increment in slices (seed=1). DORMANT. Not in param_manifest.
field,src/composing/analysis/chord/chordslicedecoder.h,329,ChordSliceCandidate.rootPc,int rootPc = -1;,L4-DECODER,PUBLISHED,n/a,,PUBLISHED (--decode-chords + fullspine): rootPitchClass.
field,src/composing/analysis/chord/chordslicedecoder.h,330,ChordSliceCandidate.rootTpc,int rootTpc = -1;,L4-DECODER,PUBLISHED,n/a,,PUBLISHED: the enharmonic root spelling (into the formatter's chordSymbol; L4->L5 identity).
field,src/composing/analysis/chord/chordslicedecoder.h,331,ChordSliceCandidate.bassPc,int bassPc = -1;,L4-DECODER,PUBLISHED,n/a,,PUBLISHED (--decode-chords + fullspine): bassPitchClass / bassIsRoot.
field,src/composing/analysis/chord/chordslicedecoder.h,332,ChordSliceCandidate.bassTpc,int bassTpc = -1;,L4-DECODER,PUBLISHED,n/a,,PUBLISHED: the enharmonic bass spelling (formatter / L4->L5 identity).
field,src/composing/analysis/chord/chordslicedecoder.h,333,ChordSliceCandidate.quality,ChordQuality quality = ChordQuality::Unknown;,L4-DECODER,PUBLISHED,n/a,,PUBLISHED (--decode-chords + fullspine): quality.
field,src/composing/analysis/chord/chordslicedecoder.h,334,ChordSliceCandidate.tiePriority,int tiePriority = -1;,L4-DECODER,PUBLISHED,n/a,,PUBLISHED: the template index — locates the cell in the cube and is the sufficiency-denominator source; carried in the identity.
field,src/composing/analysis/chord/chordslicedecoder.h,335,ChordSliceCandidate.score,double score = 0.0;,L4-DECODER,PUBLISHED,n/a,,PUBLISHED (--decode-chords + fullspine): chordScore + the alternative scores (the ranking value).
field,src/composing/analysis/chord/chordslicedecoder.h,349,ChordSliceCandidate.extensions,uint32_t extensions = 0;          ///< ChordIdentity.extensions bitmask (see chord Extension enum),L4-DECODER,PUBLISHED,n/a,,PUBLISHED (fullspine surface; consumed by the L5 chain — declared dormancy: the decoder is not yet wired); l4ChosenExtensions / alternative extensions (the L4->L5 colour carry — seventh/9/11/13/aug6 markers).
field,src/composing/analysis/chord/chordslicedecoder.h,350,ChordSliceCandidate.naturalFifthPresent,bool naturalFifthPresent = false; ///< P5 above root sounding (It+6 vs Ger+6),L4-DECODER,PUBLISHED,n/a,,PUBLISHED (fullspine surface; consumed by the L5 chain — declared dormancy: the decoder is not yet wired); the It+6-vs-Ger+6 nationality signal (id.naturalFifthPresent in the L5 chain).
field,src/composing/analysis/chord/chordslicedecoder.h,351,ChordSliceCandidate.extensionsKnown,bool extensionsKnown = false;     ///< true = extensions/naturalFifthPresent are a real extraction,L4-DECODER,PUBLISHED,n/a,,PUBLISHED (fullspine surface; consumed by the L5 chain — declared dormancy: the decoder is not yet wired); l4ChosenExtKnown/extKnown — the HONEST-CARRY flag (a consumer reads extensions ONLY when known). Corpus: known 16777 / honest-unknown 12303 per region.
field,src/composing/analysis/chord/chordslicedecoder.h,405,SliceConfidence.margin,double margin = 0.0;                ///< raw margin to the best DIFFERENT reading (== SliceChord.confidence),L4-DECODER,PUBLISHED,n/a,,PUBLISHED (fullspine surface; consumed by the L5 chain — declared dormancy: the decoder is not yet wired): l4Margin (== SliceChord.confidence).
field,src/composing/analysis/chord/chordslicedecoder.h,406,SliceConfidence.sufficiency,"double sufficiency = 0.0;           ///< present / required template tones of the chosen chord, [0,1]",L4-DECODER,PUBLISHED,n/a,,PUBLISHED (fullspine surface; consumed by the L5 chain — declared dormancy: the decoder is not yet wired): l4Sufficiency.
field,src/composing/analysis/chord/chordslicedecoder.h,407,SliceConfidence.membershipCleanliness,"double membershipCleanliness = 1.0; ///< chord-tone fraction of the focal pitch classes, [0,1]",L4-DECODER,PUBLISHED,n/a,,PUBLISHED (fullspine surface; consumed by the L5 chain — declared dormancy: the decoder is not yet wired): l4Cleanliness.
field,src/composing/analysis/chord/chordslicedecoder.h,408,SliceConfidence.composite,"double composite = 0.0;             ///< combined certainty [0,1] = min(marginCertainty, sufficiency, cleanliness)",L4-DECODER,PUBLISHED,n/a,,PUBLISHED (fullspine surface; consumed by the L5 chain — declared dormancy: the decoder is not yet wired): l4Composite (consumed as cc.compositeConfidence by the progression recognizer). <0.5 on 55.7% of slices.
field,src/composing/analysis/chord/chordslicedecoder.h,418,OpenQuestionLabel.question,OpenQuestion question = OpenQuestion::None;,L4-DECODER,PUBLISHED,n/a,,PUBLISHED (fullspine surface; consumed by the L5 chain — declared dormancy: the decoder is not yet wired): openQuestion (Root 59.6% / Quality 2.9% / None).
field,src/composing/analysis/chord/chordslicedecoder.h,419,OpenQuestionLabel.ambiguity,AmbiguityKind ambiguity = AmbiguityKind::None;,L4-DECODER,PUBLISHED,n/a,,PUBLISHED (fullspine surface; consumed by the L5 chain — declared dormancy: the decoder is not yet wired): ambiguityKind. All kinds fire EXCEPT SymmetricRotation (0% — see the never-fires finding).
field,src/composing/analysis/chord/chordslicedecoder.h,420,OpenQuestionLabel.readingA,ChordSliceCandidate readingA;     ///< the chosen / top reading (valid when question != None),L4-DECODER,PUBLISHED,n/a,,PUBLISHED on the SliceChord.openQuestion DTO (the chosen/top reading of the pair); consumer = the future L5 abstain-resolution (selects among carried readings) — declared dormancy. Not individually serialized by the current diagnostics (question+ambiguity strings only).
field,src/composing/analysis/chord/chordslicedecoder.h,421,OpenQuestionLabel.readingB,ChordSliceCandidate readingB;     ///< the best DIFFERENT competing reading (valid when hasReadingB),L4-DECODER,PUBLISHED,n/a,,PUBLISHED on the DTO (the best-different competing reading); consumer = future L5. Declared dormancy.
field,src/composing/analysis/chord/chordslicedecoder.h,422,OpenQuestionLabel.hasReadingB,bool hasReadingB = false;         ///< false when no different reading exists (e.g. an empty/insufficient slice),L4-DECODER,PUBLISHED,n/a,,PUBLISHED on the DTO (false when no different reading exists — e.g. an empty/insufficient slice). Consumer = future L5.
field,src/composing/analysis/chord/chordslicedecoder.h,423,OpenQuestionLabel.contestedPc,int contestedPc = -1;             ///< NoteMembership: the contested pc (else -1; reserved this increment),L4-DECODER,SILOED,n/a,,"RESERVED / NEVER POPULATED this increment (always -1; OpenQuestion::NoteMembership is never produced). Declared reserved in the header for a future NoteMembership open-question -> declared dormancy, NOT waste. FINDING (record): a reserved field + enum value with no producer this increment."
field,src/composing/analysis/chord/chordslicedecoder.h,428,SliceChord.sliceIndex,int sliceIndex = 0;                            ///< index into the slice vector,L4-DECODER,PUBLISHED,n/a,,PUBLISHED: indexes the emitted region back to the slice vector.
field,src/composing/analysis/chord/chordslicedecoder.h,429,SliceChord.hasChord,bool hasChord = false;                         ///< false = no committed chord (empty/sub-gate slice OR an abstain),L4-DECODER,PUBLISHED,n/a,,PUBLISHED (--decode-chords + fullspine): hasChord (Commit+Inherit=37.4% / abstain 62.6%).
field,src/composing/analysis/chord/chordslicedecoder.h,430,SliceChord.chosen,ChordSliceCandidate chosen;                    ///< the decided chord (root + quality + bass/inversion); on Inherit = the prevailing chord,L4-DECODER,PUBLISHED,n/a,,PUBLISHED (--decode-chords + fullspine): the committed/inherited chord (root+quality+bass) + carry.
field,src/composing/analysis/chord/chordslicedecoder.h,431,SliceChord.alternatives,"std::vector<ChordSliceCandidate> alternatives; ///< other distinct chords, ranked (∪ prevailing)",L4-DECODER,PUBLISHED,n/a,,PUBLISHED (--decode-chords + fullspine): the ranked carried readings (topK union prevailing). >=1 on 100% of slices — the engagement's carried-alternatives need.
field,src/composing/analysis/chord/chordslicedecoder.h,432,SliceChord.confidence,"double confidence = 0.0;                       ///< margin to the best DIFFERENT (root,quality) chord",L4-DECODER,PUBLISHED,n/a,,PUBLISHED (--decode-chords + fullspine): chordScoreMargin/confidence (the margin to the best DIFFERENT chord).
field,src/composing/analysis/chord/chordslicedecoder.h,433,SliceChord.uncertain,bool uncertain = false;                        ///< confidence < uncertaintyMargin (the margin cue feeding the decision),L4-DECODER,PUBLISHED,n/a,,PUBLISHED (--decode-chords + fullspine): uncertain (the margin cue).
field,src/composing/analysis/chord/chordslicedecoder.h,434,SliceChord.decision,SliceDecision decision = SliceDecision::Commit; ///< G1: commit / inherit / abstain (see applyCommitDecision),L4-DECODER,PUBLISHED,n/a,,PUBLISHED (fullspine surface; consumed by the L5 chain — declared dormancy: the decoder is not yet wired): l4Decision (Commit 34.4% / Inherit 3.0% / Abstain 62.6%). NOT emitted by --decode-chords (hasChord conflates Commit+Inherit there).
field,src/composing/analysis/chord/chordslicedecoder.h,440,SliceChord.confidenceModel,SliceConfidence confidenceModel;               ///< G6 composite confidence (margin + sufficiency + cleanliness),L4-DECODER,PUBLISHED,n/a,,PUBLISHED (fullspine surface; consumed by the L5 chain — declared dormancy: the decoder is not yet wired): the composite confidence model (see SliceConfidence).
field,src/composing/analysis/chord/chordslicedecoder.h,441,SliceChord.openQuestion,OpenQuestionLabel openQuestion;                ///< G6 named open question + the two competing readings (on abstain),L4-DECODER,PUBLISHED,n/a,,PUBLISHED (fullspine surface; consumed by the L5 chain — declared dormancy: the decoder is not yet wired): the named open question (see OpenQuestionLabel).
field,src/composing/analysis/chord/chordslicedecoder.h,452,SliceChord.chordTonePcs,std::vector<int> chordTonePcs;                 ///< focal pcs the chosen chord explains,L4-DECODER,PUBLISHED,n/a,,PUBLISHED (--decode-chords + fullspine): noteClassifications.chordTones (the per-note membership the engagement needs).
field,src/composing/analysis/chord/chordslicedecoder.h,453,SliceChord.nonChordTonePcs,std::vector<int> nonChordTonePcs;              ///< focal pcs called non-chord tones,L4-DECODER,PUBLISHED,n/a,,PUBLISHED (--decode-chords + fullspine): noteClassifications.nonChordTones. Non-empty on 5.8% of slices.
field,src/composing/analysis/chord/chordslicedecoder.h,459,SliceChord.clippedBySelectionEdge,bool clippedBySelectionEdge = false;   ///< the focal window truncated at the LOADED (non-score) edge,L4-DECODER,TRAPPED,n/a,,"SET ONLY by decodeSelection() (dormant, no caller); the decode()/decodeWindowed core never touches it (stays false on every live route). Declared dormancy (bounded-context provenance; future selection consumer named in cowork_bounded_context_design.md). FINDING (record): a computed provenance field with no live producer/consumer today."
field,src/composing/analysis/chord/chordslicedecoder.h,460,SliceChord.cueDenied,bool cueDenied = false;                ///< a decision-relevant edge-extension request was REFUSED (hard bound),L4-DECODER,TRAPPED,n/a,,SET ONLY by decodeSelection() (dormant). Same as clippedBySelectionEdge — declared-dormant bounded-context provenance; no live route sets or reads it.
field,src/composing/analysis/chord/chordslicedecoder.h,471,FocalNote.pitch,int pitch = 0;             ///< ppitch,L4-DECODER,SURVIVES,n/a,,Internal per-note input (ppitch) to membership + spelling. Not an output fact.
field,src/composing/analysis/chord/chordslicedecoder.h,472,FocalNote.tpc,int tpc = -1;              ///< notated spelling (line-of-fifths tpc; -1 = not provided) — the,L4-DECODER,SURVIVES,n/a,,Internal input: the notated spelling the G4/C1 spelling-pin reads (copied from the L1 NoteEvent).
field,src/composing/analysis/chord/chordslicedecoder.h,475,FocalNote.onset,int onset = 0;             ///< tie-resolved onset tick,L4-DECODER,SURVIVES,n/a,,Internal input: tie-resolved onset for the stepwise test.
field,src/composing/analysis/chord/chordslicedecoder.h,476,FocalNote.release,int release = 0;           ///< tie-resolved release tick,L4-DECODER,SURVIVES,n/a,,Internal input: tie-resolved release for the stepwise test.
field,src/composing/analysis/chord/chordslicedecoder.h,477,FocalNote.voice,int voice = 0;             ///< voice (the stepwise test is per-voice / melodic),L4-DECODER,SURVIVES,n/a,,Internal input: voice (the stepwise test is per-voice / melodic).
field,src/composing/analysis/chord/chordslicedecoder.h,478,FocalNote.metricWeight,"double metricWeight = 1.0; ///< normalised beat weight at onset [0.5,1.0]",L4-DECODER,SURVIVES,n/a,,Internal input: normalised beat weight for salience.
field,src/composing/analysis/chord/chordslicedecoder.h,479,FocalNote.durationQn,double durationQn = 0.0;   ///< sounding duration in quarter notes,L4-DECODER,SURVIVES,n/a,,Internal input: sounding duration for salience.
field,src/composing/analysis/chord/chordslicedecoder.h,486,MembershipResult.chordTonePcs,std::vector<int> chordTonePcs;,L4-DECODER,SURVIVES,n/a,,Internal result copied onto SliceChord.chordTonePcs (published there).
field,src/composing/analysis/chord/chordslicedecoder.h,487,MembershipResult.nonChordTonePcs,std::vector<int> nonChordTonePcs;,L4-DECODER,SURVIVES,n/a,,Internal result copied onto SliceChord.nonChordTonePcs (published there).
field,src/composing/analysis/chord/chordslicedecoder.h,501,MembershipResult.implausibilityPenalty,double implausibilityPenalty = 0.0;,L4-DECODER,SURVIVES,n/a,,Internal intermediate: the membership->selection re-rank lever consumed by finalizeSlice. NOT an output fact (recomputable; correctly internal).
literal,src/composing/analysis/chord/chordslicedecoder.cpp,43,1.0e3,constexpr double kNoCompetitorConfidence = 1.0e3;,L4-DECODER,ESTABLISHED,n/a,no,"kNoCompetitorConfidence sentinel (no different competitor) — documented, mirrors the L3 single-state sentinel. NEVER fires on the corpus (0/29080) — defensive; test-covered."
literal,src/composing/analysis/chord/chordslicedecoder.cpp,109,12,bool present[12] = {};,L4-DECODER,ESTABLISHED,n/a,no,Pitch-class cardinality (12 semitones/octave) — a structural music-theory constant (pc sieve / modulo). Not tunable.
literal,src/composing/analysis/chord/chordslicedecoder.cpp,112,12,for (int pc = 0; pc < 12; ++pc) {,L4-DECODER,ESTABLISHED,n/a,no,Pitch-class cardinality (12 semitones/octave) — a structural music-theory constant (pc sieve / modulo). Not tunable.
literal,src/composing/analysis/chord/chordslicedecoder.cpp,120,3,return aCov >= 3 && bCov >= 3;,L4-DECODER,ESTABLISHED,n/a,no,A triad's worth (3 tones) — minimum chord cardinality for the share-tone test.
literal,src/composing/analysis/chord/chordslicedecoder.cpp,120,3,return aCov >= 3 && bCov >= 3;,L4-DECODER,ESTABLISHED,n/a,no,A triad's worth (3 tones) — minimum chord cardinality for the share-tone test.
literal,src/composing/analysis/chord/chordslicedecoder.cpp,129,12,const int d = (((a.rootPc - b.rootPc) % 12) + 12) % 12;,L4-DECODER,ESTABLISHED,n/a,no,Pitch-class cardinality (12 semitones/octave) — a structural music-theory constant (pc sieve / modulo). Not tunable.
literal,src/composing/analysis/chord/chordslicedecoder.cpp,129,12,const int d = (((a.rootPc - b.rootPc) % 12) + 12) % 12;,L4-DECODER,ESTABLISHED,n/a,no,Pitch-class cardinality (12 semitones/octave) — a structural music-theory constant (pc sieve / modulo). Not tunable.
literal,src/composing/analysis/chord/chordslicedecoder.cpp,129,12,const int d = (((a.rootPc - b.rootPc) % 12) + 12) % 12;,L4-DECODER,ESTABLISHED,n/a,no,Pitch-class cardinality (12 semitones/octave) — a structural music-theory constant (pc sieve / modulo). Not tunable.
literal,src/composing/analysis/chord/chordslicedecoder.cpp,130,3,const bool thirdApart = (d == 3 || d == 9);,L4-DECODER,ESTABLISHED,n/a,no,Minor third in semitones — the relative major/minor delta. Music-theory constant.
literal,src/composing/analysis/chord/chordslicedecoder.cpp,130,9,const bool thirdApart = (d == 3 || d == 9);,L4-DECODER,ESTABLISHED,n/a,no,Minor-third-down / major-sixth (12-3) — the relative-pair delta. Music-theory constant.
literal,src/composing/analysis/chord/chordslicedecoder.cpp,170,12,bool seen[12] = {};,L4-DECODER,ESTABLISHED,n/a,no,Pitch-class cardinality (12 semitones/octave) — a structural music-theory constant (pc sieve / modulo). Not tunable.
literal,src/composing/analysis/chord/chordslicedecoder.cpp,237,1e-6,"const double ref = std::max(1e-6, dp.membershipReferenceDurationQn);",L4-DECODER,ESTABLISHED,n/a,no,Epsilon floor on the duration reference (divide-by-zero hygiene). Not tunable.
literal,src/composing/analysis/chord/chordslicedecoder.cpp,238,1.0,"const double durFactor = std::min(1.0, f.durationQn / ref);",L4-DECODER,ESTABLISHED,n/a,no,"Full-length cap for the duration factor ([0,1] clamp). Not tunable."
literal,src/composing/analysis/chord/chordslicedecoder.cpp,245,2,return d == 1 || d == 2;   // chromatic step (minor/major 2nd) — melodic passing/neighbour,L4-DECODER,ESTABLISHED,n/a,no,Major-2nd upper bound (in semitones) for a melodic step / a downward step resolution. Music-theory constant.
literal,src/composing/analysis/chord/chordslicedecoder.cpp,314,2,const bool resolvesDown = succ && (note.pitch - succ->pitch) >= 1 && (note.pitch - succ->pitch) <= 2,L4-DECODER,ESTABLISHED,n/a,no,Major-2nd upper bound (in semitones) for a melodic step / a downward step resolution. Music-theory constant.
literal,src/composing/analysis/chord/chordslicedecoder.cpp,439,12,"std::array<double, 12>* pcWeightOut = nullptr,",L4-DECODER,ESTABLISHED,n/a,no,Pitch-class cardinality (12 semitones/octave) — a structural music-theory constant (pc sieve / modulo). Not tunable.
literal,src/composing/analysis/chord/chordslicedecoder.cpp,440,12,"std::array<int, 12>* tpcForPcOut = nullptr)",L4-DECODER,ESTABLISHED,n/a,no,Pitch-class cardinality (12 semitones/octave) — a structural music-theory constant (pc sieve / modulo). Not tunable.
literal,src/composing/analysis/chord/chordslicedecoder.cpp,464,12,c.rootTpc     = (cell.rootPc >= 0 && cell.rootPc < 12),L4-DECODER,ESTABLISHED,n/a,no,Pitch-class cardinality (12 semitones/octave) — a structural music-theory constant (pc sieve / modulo). Not tunable.
literal,src/composing/analysis/chord/chordslicedecoder.cpp,500,12,"const std::array<double, 12>& pcWeight,",L4-DECODER,ESTABLISHED,n/a,no,Pitch-class cardinality (12 semitones/octave) — a structural music-theory constant (pc sieve / modulo). Not tunable.
literal,src/composing/analysis/chord/chordslicedecoder.cpp,501,12,"const std::array<int, 12>& tpcForPc,",L4-DECODER,ESTABLISHED,n/a,no,Pitch-class cardinality (12 semitones/octave) — a structural music-theory constant (pc sieve / modulo). Not tunable.
literal,src/composing/analysis/chord/chordslicedecoder.cpp,562,12,bool isRotationPc[12] = {};         ///< the symmetric collection's pitch classes,L4-DECODER,ESTABLISHED,n/a,no,Pitch-class cardinality (12 semitones/octave) — a structural music-theory constant (pc sieve / modulo). Not tunable.
literal,src/composing/analysis/chord/chordslicedecoder.cpp,570,12,if (chosen.rootPc < 0 || chosen.rootPc >= 12) {,L4-DECODER,ESTABLISHED,n/a,no,Pitch-class cardinality (12 semitones/octave) — a structural music-theory constant (pc sieve / modulo). Not tunable.
literal,src/composing/analysis/chord/chordslicedecoder.cpp,573,12,bool present[12] = {};,L4-DECODER,ESTABLISHED,n/a,no,Pitch-class cardinality (12 semitones/octave) — a structural music-theory constant (pc sieve / modulo). Not tunable.
literal,src/composing/analysis/chord/chordslicedecoder.cpp,579,12,const int pc = (base + step * k) % 12;,L4-DECODER,ESTABLISHED,n/a,no,Pitch-class cardinality (12 semitones/octave) — a structural music-theory constant (pc sieve / modulo). Not tunable.
literal,src/composing/analysis/chord/chordslicedecoder.cpp,589,4,"if (rot(chosen.rootPc, 4, 3)) {",L4-DECODER,ESTABLISHED,n/a,no,"Symmetric-collection interval/cardinality (aug: major-thirds, 3 tones; dim7: minor-thirds, 4 tones). Music-theory constant."
literal,src/composing/analysis/chord/chordslicedecoder.cpp,589,3,"if (rot(chosen.rootPc, 4, 3)) {",L4-DECODER,ESTABLISHED,n/a,no,"Symmetric-collection interval/cardinality (aug: major-thirds, 3 tones; dim7: minor-thirds, 4 tones). Music-theory constant."
literal,src/composing/analysis/chord/chordslicedecoder.cpp,590,4,s.valid = true; s.dimSeventh = false; s.quality = ChordQuality::Augmented; s.stepFifths = 4;,L4-DECODER,ESTABLISHED,n/a,no,"Symmetric-collection interval/cardinality (aug: major-thirds, 3 tones; dim7: minor-thirds, 4 tones). Music-theory constant."
literal,src/composing/analysis/chord/chordslicedecoder.cpp,593,3,"if (rot(chosen.rootPc, 3, 4)) {   // a FULL dim7 (root+9 present), not a plain dim triad",L4-DECODER,ESTABLISHED,n/a,no,"Symmetric-collection interval/cardinality (aug: major-thirds, 3 tones; dim7: minor-thirds, 4 tones). Music-theory constant."
literal,src/composing/analysis/chord/chordslicedecoder.cpp,593,4,"if (rot(chosen.rootPc, 3, 4)) {   // a FULL dim7 (root+9 present), not a plain dim triad",L4-DECODER,ESTABLISHED,n/a,no,"Symmetric-collection interval/cardinality (aug: major-thirds, 3 tones; dim7: minor-thirds, 4 tones). Music-theory constant."
literal,src/composing/analysis/chord/chordslicedecoder.cpp,594,3,s.valid = true; s.dimSeventh = true; s.quality = ChordQuality::Diminished; s.stepFifths = 3;,L4-DECODER,ESTABLISHED,n/a,no,"Symmetric-collection interval/cardinality (aug: major-thirds, 3 tones; dim7: minor-thirds, 4 tones). Music-theory constant."
literal,src/composing/analysis/chord/chordslicedecoder.cpp,604,1000000,constexpr int kContradictedLof = -1000000;,L4-DECODER,ESTABLISHED,n/a,no,"kContradictedLof sentinel (a pc spelled two ways) — internal, distinct from kNoLineOfFifths. Not tunable."
literal,src/composing/analysis/chord/chordslicedecoder.cpp,729,12,&& c.rootPc >= 0 && c.rootPc < 12 && sym.isRotationPc[c.rootPc];,L4-DECODER,ESTABLISHED,n/a,no,Pitch-class cardinality (12 semitones/octave) — a structural music-theory constant (pc sieve / modulo). Not tunable.
literal,src/composing/analysis/chord/chordslicedecoder.cpp,809,12,bool present[12] = {};,L4-DECODER,ESTABLISHED,n/a,no,Pitch-class cardinality (12 semitones/octave) — a structural music-theory constant (pc sieve / modulo). Not tunable.
literal,src/composing/analysis/chord/chordslicedecoder.cpp,810,12,bool anyChordTone[12] = {};,L4-DECODER,ESTABLISHED,n/a,no,Pitch-class cardinality (12 semitones/octave) — a structural music-theory constant (pc sieve / modulo). Not tunable.
literal,src/composing/analysis/chord/chordslicedecoder.cpp,844,12,for (int pc = 0; pc < 12; ++pc) {,L4-DECODER,ESTABLISHED,n/a,no,Pitch-class cardinality (12 semitones/octave) — a structural music-theory constant (pc sieve / modulo). Not tunable.
literal,src/composing/analysis/chord/chordslicedecoder.cpp,860,12,bool counted[12] = {};,L4-DECODER,ESTABLISHED,n/a,no,Pitch-class cardinality (12 semitones/octave) — a structural music-theory constant (pc sieve / modulo). Not tunable.
literal,src/composing/analysis/chord/chordslicedecoder.cpp,885,1.0,"? std::min(1.0, std::max(0.0, static_cast<double>(templateTonesPresent)",L4-DECODER,ESTABLISHED,n/a,no,"[0,1] clamp bound for a representational certainty axis. Not a decision parameter."
literal,src/composing/analysis/chord/chordslicedecoder.cpp,885,0.0,"? std::min(1.0, std::max(0.0, static_cast<double>(templateTonesPresent)",L4-DECODER,ESTABLISHED,n/a,no,"[0,1] clamp bound for a representational certainty axis. Not a decision parameter."
literal,src/composing/analysis/chord/chordslicedecoder.cpp,887,0.0,: 0.0;,L4-DECODER,ESTABLISHED,n/a,no,"[0,1] clamp bound for a representational certainty axis. Not a decision parameter."
literal,src/composing/analysis/chord/chordslicedecoder.cpp,892,1.0,"? std::min(1.0, std::max(0.0, static_cast<double>(focalChordTonePcs)",L4-DECODER,ESTABLISHED,n/a,no,"[0,1] clamp bound for a representational certainty axis. Not a decision parameter."
literal,src/composing/analysis/chord/chordslicedecoder.cpp,892,0.0,"? std::min(1.0, std::max(0.0, static_cast<double>(focalChordTonePcs)",L4-DECODER,ESTABLISHED,n/a,no,"[0,1] clamp bound for a representational certainty axis. Not a decision parameter."
literal,src/composing/analysis/chord/chordslicedecoder.cpp,894,1.0,: 1.0;,L4-DECODER,ESTABLISHED,n/a,no,"[0,1] clamp bound for a representational certainty axis. Not a decision parameter."
literal,src/composing/analysis/chord/chordslicedecoder.cpp,899,2.0,"const double ref = 2.0 * std::max(1e-9, dp.uncertaintyMargin);",L4-DECODER,ESTABLISHED,n/a,no,"Representational margin->certainty scale (boundary margin -> 0.5, 2x -> 1.0), reusing uncertaintyMargin (design §7). REPRESENTATIONAL ONLY (drives no decision) — not an inference-affecting fit constant."
literal,src/composing/analysis/chord/chordslicedecoder.cpp,899,1e-9,"const double ref = 2.0 * std::max(1e-9, dp.uncertaintyMargin);",L4-DECODER,ESTABLISHED,n/a,no,Epsilon floor on uncertaintyMargin (divide-by-zero hygiene).
literal,src/composing/analysis/chord/chordslicedecoder.cpp,900,1.0,"const double marginCertainty = std::min(1.0, std::max(0.0, margin / ref));",L4-DECODER,ESTABLISHED,n/a,no,"[0,1] clamp bound for a representational certainty axis. Not a decision parameter."
literal,src/composing/analysis/chord/chordslicedecoder.cpp,900,0.0,"const double marginCertainty = std::min(1.0, std::max(0.0, margin / ref));",L4-DECODER,ESTABLISHED,n/a,no,"[0,1] clamp bound for a representational certainty axis. Not a decision parameter."
literal,src/composing/analysis/chord/chordslicedecoder.cpp,1085,12,"std::array<double, 12> pcWeight{};",L4-DECODER,ESTABLISHED,n/a,no,Pitch-class cardinality (12 semitones/octave) — a structural music-theory constant (pc sieve / modulo). Not tunable.
literal,src/composing/analysis/chord/chordslicedecoder.cpp,1086,12,"std::array<int, 12>    tpcForPc{};",L4-DECODER,ESTABLISHED,n/a,no,Pitch-class cardinality (12 semitones/octave) — a structural music-theory constant (pc sieve / modulo). Not tunable.
literal,src/composing/analysis/chord/chordslicedecoder.cpp,1087,0.0,double extThreshold = 0.0;,L4-DECODER,ESTABLISHED,n/a,no,Zero/neutral default initializer (a DTO field default). Not tunable.
literal,src/composing/analysis/chord/chordslicedecoder.cpp,1128,0.0,if (dp.membershipPenaltyWeight != 0.0) {,L4-DECODER,ESTABLISHED,n/a,no,The documented '0 = label but do not re-rank' membership-penalty sentinel compare.
literal,src/composing/analysis/chord/chordslicedecoder.cpp,1203,2,"const int p1lo = std::max(0, outFirst - 2);",L4-DECODER,ESTABLISHED,n/a,no,"Two-slice look-back for pass-1 (the pass-2 neighbour t-1 + the prevailing chain of outFirst) — structural, matches the redecodeRange contract."
literal,src/composing/analysis/chord/chordslicedecoder.h,169,6,int topK = 6;,L4-DECODER,UNFIT,n/a,no,"Tunable SEED (topK=6); hand-set, documented as a swept-later seed on a DORMANT path. NOT in param_manifest.json (coverage-gap finding)."
literal,src/composing/analysis/chord/chordslicedecoder.h,174,0.5,double uncertaintyMargin = 0.5;,L4-DECODER,UNFIT,n/a,no,"Tunable SEED (uncertaintyMargin=0.5); hand-set, documented as a swept-later seed on a DORMANT path. NOT in param_manifest.json (coverage-gap finding)."
literal,src/composing/analysis/chord/chordslicedecoder.h,196,3,int maxContextSlices = 3;,L4-DECODER,UNFIT,n/a,no,"Tunable SEED (maxContextSlices=3); hand-set, documented as a swept-later seed on a DORMANT path. NOT in param_manifest.json (coverage-gap finding)."
literal,src/composing/analysis/chord/chordslicedecoder.h,199,3,int minHarmonyPcs = 3;,L4-DECODER,UNFIT,n/a,no,"Tunable SEED (minHarmonyPcs=3); hand-set, documented as a swept-later seed on a DORMANT path. NOT in param_manifest.json (coverage-gap finding)."
literal,src/composing/analysis/chord/chordslicedecoder.h,227,0.55,double membershipSalienceThreshold = 0.55;,L4-DECODER,UNFIT,n/a,no,"Tunable SEED (membershipSalienceThreshold=0.55); hand-set, documented as a swept-later seed on a DORMANT path. NOT in param_manifest.json (coverage-gap finding)."
literal,src/composing/analysis/chord/chordslicedecoder.h,230,1.0,double membershipReferenceDurationQn = 1.0;,L4-DECODER,UNFIT,n/a,no,"Tunable SEED (membershipReferenceDurationQn=1.0); hand-set, documented as a swept-later seed on a DORMANT path. NOT in param_manifest.json (coverage-gap finding)."
literal,src/composing/analysis/chord/chordslicedecoder.h,238,0.6,double membershipPenaltyWeight = 0.6;,L4-DECODER,UNFIT,n/a,no,"Tunable SEED (membershipPenaltyWeight=0.6); hand-set, documented as a swept-later seed on a DORMANT path. NOT in param_manifest.json (coverage-gap finding)."
literal,src/composing/analysis/chord/chordslicedecoder.h,263,3,int sufficiencyChordTones = 3;,L4-DECODER,UNFIT,n/a,yes,"Tunable SEED (sufficiencyChordTones=3); hand-set. IN param_manifest.json (G11, frozen, dormant) — the ONLY decoder seed inventoried there."
literal,src/composing/analysis/chord/chordslicedecoder.h,308,4,int maxEdgeExtendSteps = 4;,L4-DECODER,UNFIT,n/a,no,"Tunable SEED (maxEdgeExtendSteps=4); hand-set, documented as a swept-later seed on a DORMANT path. NOT in param_manifest.json (coverage-gap finding)."
literal,src/composing/analysis/chord/chordslicedecoder.h,335,0.0,double score = 0.0;,L4-DECODER,ESTABLISHED,n/a,no,Zero/neutral default initializer (a DTO field default). Not tunable.
literal,src/composing/analysis/chord/chordslicedecoder.h,405,0.0,double margin = 0.0;                ///< raw margin to the best DIFFERENT reading (== SliceChord.confidence),L4-DECODER,ESTABLISHED,n/a,no,Zero/neutral default initializer (a DTO field default). Not tunable.
literal,src/composing/analysis/chord/chordslicedecoder.h,406,0.0,"double sufficiency = 0.0;           ///< present / required template tones of the chosen chord, [0,1]",L4-DECODER,ESTABLISHED,n/a,no,Zero/neutral default initializer (a DTO field default). Not tunable.
literal,src/composing/analysis/chord/chordslicedecoder.h,407,1.0,"double membershipCleanliness = 1.0; ///< chord-tone fraction of the focal pitch classes, [0,1]",L4-DECODER,ESTABLISHED,n/a,no,Neutral default initializer (membershipCleanliness 'clean by convention' / a FocalNote metric-weight default). Not tunable.
literal,src/composing/analysis/chord/chordslicedecoder.h,408,0.0,"double composite = 0.0;             ///< combined certainty [0,1] = min(marginCertainty, sufficiency, cleanliness)",L4-DECODER,ESTABLISHED,n/a,no,Zero/neutral default initializer (a DTO field default). Not tunable.
literal,src/composing/analysis/chord/chordslicedecoder.h,432,0.0,"double confidence = 0.0;                       ///< margin to the best DIFFERENT (root,quality) chord",L4-DECODER,ESTABLISHED,n/a,no,Zero/neutral default initializer (a DTO field default). Not tunable.
literal,src/composing/analysis/chord/chordslicedecoder.h,478,1.0,"double metricWeight = 1.0; ///< normalised beat weight at onset [0.5,1.0]",L4-DECODER,ESTABLISHED,n/a,no,Neutral default initializer (membershipCleanliness 'clean by convention' / a FocalNote metric-weight default). Not tunable.
literal,src/composing/analysis/chord/chordslicedecoder.h,479,0.0,double durationQn = 0.0;   ///< sounding duration in quarter notes,L4-DECODER,ESTABLISHED,n/a,no,Zero/neutral default initializer (a DTO field default). Not tunable.
literal,src/composing/analysis/chord/chordslicedecoder.h,481,12,int pc() const { return ((pitch % 12) + 12) % 12; },L4-DECODER,ESTABLISHED,n/a,no,Pitch-class cardinality (12 semitones/octave) — a structural music-theory constant (pc sieve / modulo). Not tunable.
literal,src/composing/analysis/chord/chordslicedecoder.h,481,12,int pc() const { return ((pitch % 12) + 12) % 12; },L4-DECODER,ESTABLISHED,n/a,no,Pitch-class cardinality (12 semitones/octave) — a structural music-theory constant (pc sieve / modulo). Not tunable.
literal,src/composing/analysis/chord/chordslicedecoder.h,481,12,int pc() const { return ((pitch % 12) + 12) % 12; },L4-DECODER,ESTABLISHED,n/a,no,Pitch-class cardinality (12 semitones/octave) — a structural music-theory constant (pc sieve / modulo). Not tunable.
literal,src/composing/analysis/chord/chordslicedecoder.h,501,0.0,double implausibilityPenalty = 0.0;,L4-DECODER,ESTABLISHED,n/a,no,Zero/neutral default initializer (a DTO field default). Not tunable.
branch,src/composing/analysis/chord/chordslicedecoder.cpp,62,if@candidateBetter,if (a.score != b.score) {,L4-DECODER,SURVIVES,n/a,,Guard/branch in candidateBetter. SURVIVES; edge behaviour reviewed (deterministic; no unhandled case found).
branch,src/composing/analysis/chord/chordslicedecoder.cpp,65,if@candidateBetter,if (a.tiePriority != b.tiePriority) {,L4-DECODER,SURVIVES,n/a,,Guard/branch in candidateBetter. SURVIVES; edge behaviour reviewed (deterministic; no unhandled case found).
branch,src/composing/analysis/chord/chordslicedecoder.cpp,68,if@candidateBetter,if (a.rootPc != b.rootPc) {,L4-DECODER,SURVIVES,n/a,,Guard/branch in candidateBetter. SURVIVES; edge behaviour reviewed (deterministic; no unhandled case found).
branch,src/composing/analysis/chord/chordslicedecoder.cpp,90,if@templateToneCount,if (tiePriority < 0 || tiePriority >= static_cast<int>(kTemplateCount)) {,L4-DECODER,SURVIVES,n/a,,Guard/branch in templateToneCount. SURVIVES; edge behaviour reviewed (deterministic; no unhandled case found).
branch,src/composing/analysis/chord/chordslicedecoder.cpp,95,if@templateToneCount,if (interval >= 0) { ++n; },L4-DECODER,SURVIVES,n/a,,Guard/branch in templateToneCount. SURVIVES; edge behaviour reviewed (deterministic; no unhandled case found).
branch,src/composing/analysis/chord/chordslicedecoder.cpp,113,if@sameCollectionOverFocal,if (!present[pc]) { continue; },L4-DECODER,SURVIVES,n/a,,Guard/branch in sameCollectionOverFocal. SURVIVES; edge behaviour reviewed (deterministic; no unhandled case found).
branch,src/composing/analysis/chord/chordslicedecoder.cpp,116,if@sameCollectionOverFocal,if (!inA && !inB) { return false; }   // a focal pc neither reading explains → not one collection,L4-DECODER,SURVIVES,n/a,,Guard/branch in sameCollectionOverFocal. SURVIVES; edge behaviour reviewed (deterministic; no unhandled case found).
branch,src/composing/analysis/chord/chordslicedecoder.cpp,117,if@sameCollectionOverFocal,if (inA) { ++aCov; },L4-DECODER,SURVIVES,n/a,,Guard/branch in sameCollectionOverFocal. SURVIVES; edge behaviour reviewed (deterministic; no unhandled case found).
branch,src/composing/analysis/chord/chordslicedecoder.cpp,118,if@sameCollectionOverFocal,if (inB) { ++bCov; },L4-DECODER,SURVIVES,n/a,,Guard/branch in sameCollectionOverFocal. SURVIVES; edge behaviour reviewed (deterministic; no unhandled case found).
branch,src/composing/analysis/chord/chordslicedecoder.cpp,150,if@eligibleNotesInSpan,if (!(ne->plays && ne->visible && ne->staffEligible && !ne->isGrace,L4-DECODER,SURVIVES,n/a,,Guard/branch in eligibleNotesInSpan. SURVIVES; edge behaviour reviewed (deterministic; no unhandled case found).
branch,src/composing/analysis/chord/chordslicedecoder.cpp,174,if@distinctPcCount,if (!seen[pc]) { seen[pc] = true; ++n; },L4-DECODER,SURVIVES,n/a,,Guard/branch in distinctPcCount. SURVIVES; edge behaviour reviewed (deterministic; no unhandled case found).
branch,src/composing/analysis/chord/chordslicedecoder.cpp,216,if@adaptiveWindow,if (clampedLoOut) { *clampedLoOut = (t - c < 0); },L4-DECODER,SURVIVES,n/a,,Guard/branch in adaptiveWindow. SURVIVES; edge behaviour reviewed (deterministic; no unhandled case found).
branch,src/composing/analysis/chord/chordslicedecoder.cpp,217,if@adaptiveWindow,if (clampedHiOut) { *clampedHiOut = (t + c > n - 1); },L4-DECODER,SURVIVES,n/a,,Guard/branch in adaptiveWindow. SURVIVES; edge behaviour reviewed (deterministic; no unhandled case found).
branch,src/composing/analysis/chord/chordslicedecoder.cpp,226,if@isChordToneOfAny,"if (c && function::bassIsTemplateChordTone(c->rootPc, c->tiePriority, pc)) {",L4-DECODER,SURVIVES,n/a,,Guard/branch in isChordToneOfAny. SURVIVES; edge behaviour reviewed (deterministic; no unhandled case found).
branch,src/composing/analysis/chord/chordslicedecoder.cpp,282,if@stepwiseSignals,if (w.voice != note.voice || (&w == &note)) {,L4-DECODER,SURVIVES,n/a,,Guard/branch in stepwiseSignals. SURVIVES; edge behaviour reviewed (deterministic; no unhandled case found).
branch,src/composing/analysis/chord/chordslicedecoder.cpp,285,if@stepwiseSignals,if (w.onset == note.onset && w.pitch == note.pitch && w.release == note.release) {,L4-DECODER,SURVIVES,n/a,,Guard/branch in stepwiseSignals. SURVIVES; edge behaviour reviewed (deterministic; no unhandled case found).
branch,src/composing/analysis/chord/chordslicedecoder.cpp,288,if@stepwiseSignals,if (w.release >= note.onset - tol && w.release <= note.onset + tol) {,L4-DECODER,SURVIVES,n/a,,Guard/branch in stepwiseSignals. SURVIVES; edge behaviour reviewed (deterministic; no unhandled case found).
branch,src/composing/analysis/chord/chordslicedecoder.cpp,289,if@stepwiseSignals,if (!pred || w.release > pred->release) { pred = &w; }   // immediate melodic predecessor,L4-DECODER,SURVIVES,n/a,,Guard/branch in stepwiseSignals. SURVIVES; edge behaviour reviewed (deterministic; no unhandled case found).
branch,src/composing/analysis/chord/chordslicedecoder.cpp,291,if@stepwiseSignals,if (w.onset >= note.release - tol && w.onset <= note.release + tol) {,L4-DECODER,SURVIVES,n/a,,Guard/branch in stepwiseSignals. SURVIVES; edge behaviour reviewed (deterministic; no unhandled case found).
branch,src/composing/analysis/chord/chordslicedecoder.cpp,292,if@stepwiseSignals,if (!succ || w.onset < succ->onset) { succ = &w; }       // immediate melodic successor,L4-DECODER,SURVIVES,n/a,,Guard/branch in stepwiseSignals. SURVIVES; edge behaviour reviewed (deterministic; no unhandled case found).
branch,src/composing/analysis/chord/chordslicedecoder.cpp,352,if@classifyTone,if (s.suspension || (s.stepIn && s.stepOut)) {,L4-DECODER,SURVIVES,n/a,,Guard/branch in classifyTone. SURVIVES; edge behaviour reviewed (deterministic; no unhandled case found).
branch,src/composing/analysis/chord/chordslicedecoder.cpp,358,if@classifyTone,if (s.stepIn || s.stepOut) {,L4-DECODER,SURVIVES,n/a,,Guard/branch in classifyTone. SURVIVES; edge behaviour reviewed (deterministic; no unhandled case found).
branch,src/composing/analysis/chord/chordslicedecoder.cpp,361,ternary@classifyTone,o.chordTone = s.stepOut ? false,L4-DECODER,SURVIVES,n/a,,Guard/branch in classifyTone. SURVIVES; edge behaviour reviewed (deterministic; no unhandled case found).
branch,src/composing/analysis/chord/chordslicedecoder.cpp,367,if@classifyTone,if (s.leapIn && s.leapOut) {,L4-DECODER,SURVIVES,n/a,,Guard/branch in classifyTone. SURVIVES; edge behaviour reviewed (deterministic; no unhandled case found).
branch,src/composing/analysis/chord/chordslicedecoder.cpp,387,if@allFocalAreTemplateTonesOf,"if (!function::bassIsTemplateChordTone(chord.rootPc, chord.tiePriority, f.pc())) {",L4-DECODER,SURVIVES,n/a,,Guard/branch in allFocalAreTemplateTonesOf. SURVIVES; edge behaviour reviewed (deterministic; no unhandled case found).
branch,src/composing/analysis/chord/chordslicedecoder.cpp,413,if@focalConsistentAsEmbellishmentsOf,"if (function::bassIsTemplateChordTone(prevailing.rootPc, prevailing.tiePriority, f.pc())) {",L4-DECODER,SURVIVES,n/a,,Guard/branch in focalConsistentAsEmbellishmentsOf. SURVIVES; edge behaviour reviewed (deterministic; no unhandled case found).
branch,src/composing/analysis/chord/chordslicedecoder.cpp,417,if@focalConsistentAsEmbellishmentsOf,if (o.chordTone) {,L4-DECODER,SURVIVES,n/a,,Guard/branch in focalConsistentAsEmbellishmentsOf. SURVIVES; edge behaviour reviewed (deterministic; no unhandled case found).
branch,src/composing/analysis/chord/chordslicedecoder.cpp,456,if@candidatesForWindow,if (pcWeightOut) { *pcWeightOut = snapshot.pcWeight; },L4-DECODER,SURVIVES,n/a,,Guard/branch in candidatesForWindow. SURVIVES; edge behaviour reviewed (deterministic; no unhandled case found).
branch,src/composing/analysis/chord/chordslicedecoder.cpp,457,if@candidatesForWindow,if (tpcForPcOut) { *tpcForPcOut = snapshot.tpcForPc; },L4-DECODER,SURVIVES,n/a,,Guard/branch in candidatesForWindow. SURVIVES; edge behaviour reviewed (deterministic; no unhandled case found).
branch,src/composing/analysis/chord/chordslicedecoder.cpp,465,ternary@candidatesForWindow,? snapshot.tpcForPc[static_cast<std::size_t>(cell.rootPc)] : -1;,L4-DECODER,SURVIVES,n/a,,Guard/branch in candidatesForWindow. SURVIVES; edge behaviour reviewed (deterministic; no unhandled case found).
branch,src/composing/analysis/chord/chordslicedecoder.cpp,477,if@candidatesForWindow,if (r.identity.rootPc == cell.rootPc,L4-DECODER,SURVIVES,n/a,,Guard/branch in candidatesForWindow. SURVIVES; edge behaviour reviewed (deterministic; no unhandled case found).
branch,src/composing/analysis/chord/chordslicedecoder.cpp,504,if@completeChosenExtensions,if (!sc.hasChord || sc.chosen.rootPc < 0 || sc.chosen.extensionsKnown) {,L4-DECODER,SURVIVES,n/a,,Guard/branch in completeChosenExtensions. SURVIVES; edge behaviour reviewed (deterministic; no unhandled case found).
branch,src/composing/analysis/chord/chordslicedecoder.cpp,530,if@populateForwardContract,if (sc.chosen.rootPc >= 0) {,L4-DECODER,SURVIVES,n/a,,Guard/branch in populateForwardContract. SURVIVES; edge behaviour reviewed (deterministic; no unhandled case found).
branch,src/composing/analysis/chord/chordslicedecoder.cpp,533,if@populateForwardContract,if (!focal.empty()) {,L4-DECODER,SURVIVES,n/a,,Guard/branch in populateForwardContract. SURVIVES; edge behaviour reviewed (deterministic; no unhandled case found).
branch,src/composing/analysis/chord/chordslicedecoder.cpp,570,if@symmetricRotationSet,if (chosen.rootPc < 0 || chosen.rootPc >= 12) {,L4-DECODER,SURVIVES,n/a,,Guard/branch in symmetricRotationSet. SURVIVES; edge behaviour reviewed (deterministic; no unhandled case found).
branch,src/composing/analysis/chord/chordslicedecoder.cpp,580,if@symmetricRotationSet,if (!present[pc]) { return false; }   // a collection tone is not sounding → not this sonority,L4-DECODER,SURVIVES,n/a,,Guard/branch in symmetricRotationSet. SURVIVES; edge behaviour reviewed (deterministic; no unhandled case found).
branch,src/composing/analysis/chord/chordslicedecoder.cpp,588,if@symmetricRotationSet,if (chosen.quality == ChordQuality::Augmented) {,L4-DECODER,SURVIVES,n/a,,Guard/branch in symmetricRotationSet. SURVIVES; edge behaviour reviewed (deterministic; no unhandled case found).
branch,src/composing/analysis/chord/chordslicedecoder.cpp,589,if@symmetricRotationSet,"if (rot(chosen.rootPc, 4, 3)) {",L4-DECODER,SURVIVES,n/a,,Guard/branch in symmetricRotationSet. SURVIVES; edge behaviour reviewed (deterministic; no unhandled case found).
branch,src/composing/analysis/chord/chordslicedecoder.cpp,592,else-if@symmetricRotationSet,} else if (chosen.quality == ChordQuality::Diminished) {,L4-DECODER,SURVIVES,n/a,,Guard/branch in symmetricRotationSet. SURVIVES; edge behaviour reviewed (deterministic; no unhandled case found).
branch,src/composing/analysis/chord/chordslicedecoder.cpp,593,if@symmetricRotationSet,"if (rot(chosen.rootPc, 3, 4)) {   // a FULL dim7 (root+9 present), not a plain dim triad",L4-DECODER,SURVIVES,n/a,,Guard/branch in symmetricRotationSet. SURVIVES; edge behaviour reviewed (deterministic; no unhandled case found).
branch,src/composing/analysis/chord/chordslicedecoder.cpp,609,if@focalLineOfFifths,if (f.pc() != pc) { continue; },L4-DECODER,SURVIVES,n/a,,Guard/branch in focalLineOfFifths. SURVIVES; edge behaviour reviewed (deterministic; no unhandled case found).
branch,src/composing/analysis/chord/chordslicedecoder.cpp,611,if@focalLineOfFifths,if (l == engravingbridge::kNoLineOfFifths) { continue; },L4-DECODER,SURVIVES,n/a,,Guard/branch in focalLineOfFifths. SURVIVES; edge behaviour reviewed (deterministic; no unhandled case found).
branch,src/composing/analysis/chord/chordslicedecoder.cpp,612,if@focalLineOfFifths,if (lof == engravingbridge::kNoLineOfFifths) {,L4-DECODER,SURVIVES,n/a,,Guard/branch in focalLineOfFifths. SURVIVES; edge behaviour reviewed (deterministic; no unhandled case found).
branch,src/composing/analysis/chord/chordslicedecoder.cpp,614,else-if@focalLineOfFifths,} else if (lof != l) {,L4-DECODER,SURVIVES,n/a,,Guard/branch in focalLineOfFifths. SURVIVES; edge behaviour reviewed (deterministic; no unhandled case found).
branch,src/composing/analysis/chord/chordslicedecoder.cpp,629,if@spellingRootOf,if (!sym.valid) { return -1; },L4-DECODER,SURVIVES,n/a,,Guard/branch in spellingRootOf. SURVIVES; edge behaviour reviewed (deterministic; no unhandled case found).
branch,src/composing/analysis/chord/chordslicedecoder.cpp,633,if@spellingRootOf,if (lof == engravingbridge::kNoLineOfFifths || lof == kContradictedLof) {,L4-DECODER,SURVIVES,n/a,,Guard/branch in spellingRootOf. SURVIVES; edge behaviour reviewed (deterministic; no unhandled case found).
branch,src/composing/analysis/chord/chordslicedecoder.cpp,641,if@spellingRootOf,if (lofPc[i].first - lofPc[i - 1].first != sym.stepFifths) {,L4-DECODER,SURVIVES,n/a,,Guard/branch in spellingRootOf. SURVIVES; edge behaviour reviewed (deterministic; no unhandled case found).
branch,src/composing/analysis/chord/chordslicedecoder.cpp,646,ternary@spellingRootOf,return sym.dimSeventh ? lofPc.back().second : lofPc.front().second;,L4-DECODER,SURVIVES,n/a,,Guard/branch in spellingRootOf. SURVIVES; edge behaviour reviewed (deterministic; no unhandled case found).
branch,src/composing/analysis/chord/chordslicedecoder.cpp,659,if@bestRotationCandidate,if (c.rootPc == root && c.quality == chosen.quality) {,L4-DECODER,SURVIVES,n/a,,Guard/branch in bestRotationCandidate. SURVIVES; edge behaviour reviewed (deterministic; no unhandled case found).
branch,src/composing/analysis/chord/chordslicedecoder.cpp,660,if@bestRotationCandidate,if (c.bassPc == chosen.bassPc) { exact = &c; break; },L4-DECODER,SURVIVES,n/a,,Guard/branch in bestRotationCandidate. SURVIVES; edge behaviour reviewed (deterministic; no unhandled case found).
branch,src/composing/analysis/chord/chordslicedecoder.cpp,661,if@bestRotationCandidate,if (!symbol) { symbol = &c; },L4-DECODER,SURVIVES,n/a,,Guard/branch in bestRotationCandidate. SURVIVES; edge behaviour reviewed (deterministic; no unhandled case found).
branch,src/composing/analysis/chord/chordslicedecoder.cpp,664,ternary@bestRotationCandidate,return exact ? exact : symbol;,L4-DECODER,SURVIVES,n/a,,Guard/branch in bestRotationCandidate. SURVIVES; edge behaviour reviewed (deterministic; no unhandled case found).
branch,src/composing/analysis/chord/chordslicedecoder.cpp,674,if@spellingPinnedRoot,if (!decoderPrefs.enableSpellingPin) {,L4-DECODER,SURVIVES,n/a,,spellingPinnedRoot enableSpellingPin gate. Default ON; the OFF-arm is TEST-only (SpellingPin_DisabledIsNoOp).
branch,src/composing/analysis/chord/chordslicedecoder.cpp,689,if@decideSlice,if (candidates.empty()) {,L4-DECODER,SURVIVES,n/a,,decideSlice empty-candidates guard -> abstain+uncertain. FIRES on empty/unscorable slices (166 empty focal on corpus; some fill from the window).
branch,src/composing/analysis/chord/chordslicedecoder.cpp,713,ternary@symmetricRotationSet,"? symmetricRotationSet(sc.chosen, focal) : SymRotationSet{};",L4-DECODER,SURVIVES,n/a,,Guard/branch in symmetricRotationSet. SURVIVES; edge behaviour reviewed (deterministic; no unhandled case found).
branch,src/composing/analysis/chord/chordslicedecoder.cpp,715,if@decideSlice,if (sym.valid) {,L4-DECODER,SURVIVES,n/a,,decideSlice sym.valid gate -> the spelling-pin. Population = symmetric sonorities (rare on Baroque); TEST-confirmed for aug + dim7.
branch,src/composing/analysis/chord/chordslicedecoder.cpp,717,if@decideSlice,if (spelledRoot >= 0) {,L4-DECODER,SURVIVES,n/a,,Guard/branch in decideSlice. SURVIVES; edge behaviour reviewed (deterministic; no unhandled case found).
branch,src/composing/analysis/chord/chordslicedecoder.cpp,719,if@decideSlice,if (spelledRoot != sc.chosen.rootPc) {,L4-DECODER,SURVIVES,n/a,,Guard/branch in decideSlice. SURVIVES; edge behaviour reviewed (deterministic; no unhandled case found).
branch,src/composing/analysis/chord/chordslicedecoder.cpp,721,if@decideSlice,if (repl) { sc.chosen = *repl; },L4-DECODER,SURVIVES,n/a,,Guard/branch in decideSlice. SURVIVES; edge behaviour reviewed (deterministic; no unhandled case found).
branch,src/composing/analysis/chord/chordslicedecoder.cpp,737,if@decideSlice,"if (sameChordSymbol(c, sc.chosen) || isResolvedSibling(c)) {",L4-DECODER,SURVIVES,n/a,,Guard/branch in decideSlice. SURVIVES; edge behaviour reviewed (deterministic; no unhandled case found).
branch,src/composing/analysis/chord/chordslicedecoder.cpp,742,ternary@decideSlice,sc.confidence = (bestOther == NEG_INF) ? kNoCompetitorConfidence,L4-DECODER,SURVIVES,n/a,,The no-competitor sentinel ternary (bestOther==NEG_INF). NEVER fires on the corpus (0/29080) — defensive/degenerate; test-covered (Decide_SingleChordNoCompetitorIsConfident).
branch,src/composing/analysis/chord/chordslicedecoder.cpp,752,if@decideSlice,"if (sameChordVoicing(c, sc.chosen) || isResolvedSibling(c)) {",L4-DECODER,SURVIVES,n/a,,Guard/branch in decideSlice. SURVIVES; edge behaviour reviewed (deterministic; no unhandled case found).
branch,src/composing/analysis/chord/chordslicedecoder.cpp,757,if@decideSlice,if (dup) {,L4-DECODER,SURVIVES,n/a,,Guard/branch in decideSlice. SURVIVES; edge behaviour reviewed (deterministic; no unhandled case found).
branch,src/composing/analysis/chord/chordslicedecoder.cpp,760,if@decideSlice,if (decoderPrefs.topK > 0 && static_cast<int>(sc.alternatives.size()) >= decoderPrefs.topK) {,L4-DECODER,SURVIVES,n/a,,topK cap break. ALWAYS binds on the corpus (100% of slices carry >6 distinct cube chords).
branch,src/composing/analysis/chord/chordslicedecoder.cpp,769,if@decideSlice,"if (prevailing.has_value() && !sameChordSymbol(*prevailing, sc.chosen)) {",L4-DECODER,SURVIVES,n/a,,Guard/branch in decideSlice. SURVIVES; edge behaviour reviewed (deterministic; no unhandled case found).
branch,src/composing/analysis/chord/chordslicedecoder.cpp,773,if@decideSlice,if (!alreadyCarried) {,L4-DECODER,SURVIVES,n/a,,Guard/branch in decideSlice. SURVIVES; edge behaviour reviewed (deterministic; no unhandled case found).
branch,src/composing/analysis/chord/chordslicedecoder.cpp,778,if@decideSlice,"if (sameChordVoicing(c, *prevailing)) { exact = &c; break; }",L4-DECODER,SURVIVES,n/a,,Guard/branch in decideSlice. SURVIVES; edge behaviour reviewed (deterministic; no unhandled case found).
branch,src/composing/analysis/chord/chordslicedecoder.cpp,779,if@decideSlice,"if (!symbol && sameChordSymbol(c, *prevailing)) { symbol = &c; }",L4-DECODER,SURVIVES,n/a,,Guard/branch in decideSlice. SURVIVES; edge behaviour reviewed (deterministic; no unhandled case found).
branch,src/composing/analysis/chord/chordslicedecoder.cpp,781,if@decideSlice,if (exact) {,L4-DECODER,SURVIVES,n/a,,Guard/branch in decideSlice. SURVIVES; edge behaviour reviewed (deterministic; no unhandled case found).
branch,src/composing/analysis/chord/chordslicedecoder.cpp,783,else-if@decideSlice,} else if (symbol) {,L4-DECODER,SURVIVES,n/a,,Guard/branch in decideSlice. SURVIVES; edge behaviour reviewed (deterministic; no unhandled case found).
branch,src/composing/analysis/chord/chordslicedecoder.cpp,803,ternary@classifyMembership,const ChordSliceCandidate* prevC = prevChord.has_value() ? &*prevChord : nullptr;,L4-DECODER,SURVIVES,n/a,,Guard/branch in classifyMembership. SURVIVES; edge behaviour reviewed (deterministic; no unhandled case found).
branch,src/composing/analysis/chord/chordslicedecoder.cpp,804,ternary@classifyMembership,const ChordSliceCandidate* nextC = nextChord.has_value() ? &*nextChord : nullptr;,L4-DECODER,SURVIVES,n/a,,Guard/branch in classifyMembership. SURVIVES; edge behaviour reviewed (deterministic; no unhandled case found).
branch,src/composing/analysis/chord/chordslicedecoder.cpp,819,if@classifyMembership,if (isTemplate) {,L4-DECODER,SURVIVES,n/a,,Guard/branch in classifyMembership. SURVIVES; edge behaviour reviewed (deterministic; no unhandled case found).
branch,src/composing/analysis/chord/chordslicedecoder.cpp,828,if@classifyMembership,if (o.tier1Embellishing) {,L4-DECODER,SURVIVES,n/a,,Guard/branch in classifyMembership. SURVIVES; edge behaviour reviewed (deterministic; no unhandled case found).
branch,src/composing/analysis/chord/chordslicedecoder.cpp,831,else-if@classifyMembership,} else if (o.chordTone) {,L4-DECODER,SURVIVES,n/a,,Guard/branch in classifyMembership. SURVIVES; edge behaviour reviewed (deterministic; no unhandled case found).
branch,src/composing/analysis/chord/chordslicedecoder.cpp,845,if@classifyMembership,if (!present[pc]) {,L4-DECODER,SURVIVES,n/a,,Guard/branch in classifyMembership. SURVIVES; edge behaviour reviewed (deterministic; no unhandled case found).
branch,src/composing/analysis/chord/chordslicedecoder.cpp,848,if@classifyMembership,if (anyChordTone[pc]) {,L4-DECODER,SURVIVES,n/a,,Guard/branch in classifyMembership. SURVIVES; edge behaviour reviewed (deterministic; no unhandled case found).
branch,src/composing/analysis/chord/chordslicedecoder.cpp,864,if@templateTonePresenceCount,"if (!counted[pc] && function::bassIsTemplateChordTone(chord.rootPc, chord.tiePriority, pc)) {",L4-DECODER,SURVIVES,n/a,,Guard/branch in templateTonePresenceCount. SURVIVES; edge behaviour reviewed (deterministic; no unhandled case found).
branch,src/composing/analysis/chord/chordslicedecoder.cpp,885,ternary@computeConfidence,"? std::min(1.0, std::max(0.0, static_cast<double>(templateTonesPresent)",L4-DECODER,SURVIVES,n/a,,Guard/branch in computeConfidence. SURVIVES; edge behaviour reviewed (deterministic; no unhandled case found).
branch,src/composing/analysis/chord/chordslicedecoder.cpp,892,ternary@computeConfidence,"? std::min(1.0, std::max(0.0, static_cast<double>(focalChordTonePcs)",L4-DECODER,SURVIVES,n/a,,Guard/branch in computeConfidence. SURVIVES; edge behaviour reviewed (deterministic; no unhandled case found).
branch,src/composing/analysis/chord/chordslicedecoder.cpp,914,if@nameOpenQuestion,if (sc.decision != SliceDecision::Abstain) {,L4-DECODER,SURVIVES,n/a,,Guard/branch in nameOpenQuestion. SURVIVES; edge behaviour reviewed (deterministic; no unhandled case found).
branch,src/composing/analysis/chord/chordslicedecoder.cpp,919,if@nameOpenQuestion,if (sc.chosen.rootPc < 0) {,L4-DECODER,SURVIVES,n/a,,Guard/branch in nameOpenQuestion. SURVIVES; edge behaviour reviewed (deterministic; no unhandled case found).
branch,src/composing/analysis/chord/chordslicedecoder.cpp,931,if@nameOpenQuestion,"if (!sameChordSymbol(a, sc.chosen)) { other = &a; break; }",L4-DECODER,SURVIVES,n/a,,Guard/branch in nameOpenQuestion. SURVIVES; edge behaviour reviewed (deterministic; no unhandled case found).
branch,src/composing/analysis/chord/chordslicedecoder.cpp,933,if@nameOpenQuestion,if (other) {,L4-DECODER,SURVIVES,n/a,,Guard/branch in nameOpenQuestion. SURVIVES; edge behaviour reviewed (deterministic; no unhandled case found).
branch,src/composing/analysis/chord/chordslicedecoder.cpp,938,if@nameOpenQuestion,if (!sufficient) {,L4-DECODER,SURVIVES,n/a,,Guard/branch in nameOpenQuestion. SURVIVES; edge behaviour reviewed (deterministic; no unhandled case found).
branch,src/composing/analysis/chord/chordslicedecoder.cpp,943,ternary@nameOpenQuestion,q.ambiguity = wasTransition ? AmbiguityKind::TransitionVsContinuation,L4-DECODER,SURVIVES,n/a,,Guard/branch in nameOpenQuestion. SURVIVES; edge behaviour reviewed (deterministic; no unhandled case found).
branch,src/composing/analysis/chord/chordslicedecoder.cpp,950,if@nameOpenQuestion,if (!other) {,L4-DECODER,SURVIVES,n/a,,Guard/branch in nameOpenQuestion. SURVIVES; edge behaviour reviewed (deterministic; no unhandled case found).
branch,src/composing/analysis/chord/chordslicedecoder.cpp,956,if@nameOpenQuestion,if (sc.chosen.rootPc == other->rootPc) {,L4-DECODER,SURVIVES,n/a,,Guard/branch in nameOpenQuestion. SURVIVES; edge behaviour reviewed (deterministic; no unhandled case found).
branch,src/composing/analysis/chord/chordslicedecoder.cpp,960,ternary@nameOpenQuestion,? AmbiguityKind::ShareTone : AmbiguityKind::CloseReading;,L4-DECODER,SURVIVES,n/a,,Guard/branch in nameOpenQuestion. SURVIVES; edge behaviour reviewed (deterministic; no unhandled case found).
branch,src/composing/analysis/chord/chordslicedecoder.cpp,966,if@nameOpenQuestion,if (sc.chosen.quality == ChordQuality::Augmented && other->quality == ChordQuality::Augmented) {,L4-DECODER,SURVIVES,n/a,,nameOpenQuestion two-augmented-rotation -> AmbiguityKind::SymmetricRotation. NEVER fires on the corpus (0%) AND has no dedicated test — the dim7 path awaits the deferred G5 4-note type; augmented double-rotation abstains are absent from Baroque. FINDING (never-fires + test-gap).
branch,src/composing/analysis/chord/chordslicedecoder.cpp,968,else-if@nameOpenQuestion,"} else if (sameCollectionOverFocal(sc.chosen, *other, focal)) {",L4-DECODER,SURVIVES,n/a,,Guard/branch in nameOpenQuestion. SURVIVES; edge behaviour reviewed (deterministic; no unhandled case found).
branch,src/composing/analysis/chord/chordslicedecoder.cpp,970,else-if@nameOpenQuestion,"} else if (relativePair(sc.chosen, *other)) {",L4-DECODER,SURVIVES,n/a,,Guard/branch in nameOpenQuestion. SURVIVES; edge behaviour reviewed (deterministic; no unhandled case found).
branch,src/composing/analysis/chord/chordslicedecoder.cpp,987,if@applyCommitDecision,if (!dp.enableCommitDecision) {,L4-DECODER,SURVIVES,n/a,,applyCommitDecision enableCommitDecision gate. Default ON; the OFF-arm (always-commit) is TEST-only (G1_DisabledReproducesAlwaysCommit).
branch,src/composing/analysis/chord/chordslicedecoder.cpp,997,if@applyCommitDecision,if (!sc.hasChord) {,L4-DECODER,SURVIVES,n/a,,Guard/branch in applyCommitDecision. SURVIVES; edge behaviour reviewed (deterministic; no unhandled case found).
branch,src/composing/analysis/chord/chordslicedecoder.cpp,1012,if@applyCommitDecision,if (sufficient && marginOk) {,L4-DECODER,SURVIVES,n/a,,Guard/branch in applyCommitDecision. SURVIVES; edge behaviour reviewed (deterministic; no unhandled case found).
branch,src/composing/analysis/chord/chordslicedecoder.cpp,1038,if@applyCommitDecision,if (!sufficient && prevailing.has_value()) {,L4-DECODER,SURVIVES,n/a,,applyCommitDecision insufficient+prevailing -> the inherit attempt. The Inherit path (3.0%).
branch,src/composing/analysis/chord/chordslicedecoder.cpp,1040,if@applyCommitDecision,if (nextChord.has_value()) {,L4-DECODER,SURVIVES,n/a,,applyCommitDecision nextChord.has_value() -> the continuation-gated inherit (else the template-only base). Inherit fires on 3.0% of slices.
branch,src/composing/analysis/chord/chordslicedecoder.cpp,1044,ternary@applyCommitDecision,"prevChord.has_value() ? &*prevChord : nullptr, &*nextChord, dp);",L4-DECODER,SURVIVES,n/a,,Guard/branch in applyCommitDecision. SURVIVES; edge behaviour reviewed (deterministic; no unhandled case found).
branch,src/composing/analysis/chord/chordslicedecoder.cpp,1048,if@applyCommitDecision,if (inherit) {,L4-DECODER,SURVIVES,n/a,,Guard/branch in applyCommitDecision. SURVIVES; edge behaviour reviewed (deterministic; no unhandled case found).
branch,src/composing/analysis/chord/chordslicedecoder.cpp,1128,if@finalizeSlice,if (dp.membershipPenaltyWeight != 0.0) {,L4-DECODER,SURVIVES,n/a,,Guard/branch in finalizeSlice. SURVIVES; edge behaviour reviewed (deterministic; no unhandled case found).
branch,src/composing/analysis/chord/chordslicedecoder.cpp,1147,if@finalizeSlice,if (sc.hasChord) {,L4-DECODER,SURVIVES,n/a,,Guard/branch in finalizeSlice. SURVIVES; edge behaviour reviewed (deterministic; no unhandled case found).
branch,src/composing/analysis/chord/chordslicedecoder.cpp,1171,if@decodeWindowed,if (T == 0 || outFirst < 0 || outLast >= T || outFirst > outLast) {,L4-DECODER,SURVIVES,n/a,,Guard/branch in decodeWindowed. SURVIVES; edge behaviour reviewed (deterministic; no unhandled case found).
branch,src/composing/analysis/chord/chordslicedecoder.cpp,1180,if@decodeWindowed,if (!dp.enableMembership) {,L4-DECODER,SURVIVES,n/a,,decodeWindowed !enableMembership branch (pass-1-only). Default membership ON; this OFF-arm is TEST-only on the corpus route.
branch,src/composing/analysis/chord/chordslicedecoder.cpp,1195,if@decodeWindowed,if (sc.hasChord) { prevailing = sc.chosen; },L4-DECODER,SURVIVES,n/a,,Guard/branch in decodeWindowed. SURVIVES; edge behaviour reviewed (deterministic; no unhandled case found).
branch,src/composing/analysis/chord/chordslicedecoder.cpp,1196,if@decodeWindowed,if (t >= outFirst) { out.push_back(std::move(sc)); },L4-DECODER,SURVIVES,n/a,,Guard/branch in decodeWindowed. SURVIVES; edge behaviour reviewed (deterministic; no unhandled case found).
branch,src/composing/analysis/chord/chordslicedecoder.cpp,1211,if@decodeWindowed,if (t < p1lo || t > p1hi) { return std::nullopt; },L4-DECODER,SURVIVES,n/a,,Guard/branch in decodeWindowed. SURVIVES; edge behaviour reviewed (deterministic; no unhandled case found).
branch,src/composing/analysis/chord/chordslicedecoder.cpp,1213,if@decodeWindowed,if (w.built && w.pass1.hasChord) { return w.pass1.chosen; },L4-DECODER,SURVIVES,n/a,,Guard/branch in decodeWindowed. SURVIVES; edge behaviour reviewed (deterministic; no unhandled case found).
branch,src/composing/analysis/chord/chordslicedecoder.cpp,1223,ternary@decodeWindowed,dp.twoPass ? pass1ChosenAt(t - 1) : std::nullopt;,L4-DECODER,SURVIVES,n/a,,Guard/branch in decodeWindowed. SURVIVES; edge behaviour reviewed (deterministic; no unhandled case found).
branch,src/composing/analysis/chord/chordslicedecoder.cpp,1225,ternary@decodeWindowed,dp.twoPass ? pass1ChosenAt(t + 1) : std::nullopt;,L4-DECODER,SURVIVES,n/a,,Guard/branch in decodeWindowed. SURVIVES; edge behaviour reviewed (deterministic; no unhandled case found).
branch,src/composing/analysis/chord/chordslicedecoder.cpp,1228,if@decodeWindowed,if (sc.hasChord) { prevailing = sc.chosen; },L4-DECODER,SURVIVES,n/a,,Guard/branch in decodeWindowed. SURVIVES; edge behaviour reviewed (deterministic; no unhandled case found).
branch,src/composing/analysis/chord/chordslicedecoder.cpp,1229,if@decodeWindowed,if (t >= outFirst) { out.push_back(std::move(sc)); },L4-DECODER,SURVIVES,n/a,,Guard/branch in decodeWindowed. SURVIVES; edge behaviour reviewed (deterministic; no unhandled case found).
branch,src/composing/analysis/chord/chordslicedecoder.cpp,1246,if@decode,if (T == 0) {,L4-DECODER,SURVIVES,n/a,,Guard/branch in decode. SURVIVES; edge behaviour reviewed (deterministic; no unhandled case found).
branch,src/composing/analysis/chord/chordslicedecoder.cpp,1317,if@decodeSelection,if (selectionEnd <= selectionStart) {,L4-DECODER,SURVIVES,n/a,,decodeSelection branch — DORMANT (no production consumer; enableEdgeExtension default false). TEST-only (EDGE1-7). SURVIVES.
branch,src/composing/analysis/chord/chordslicedecoder.cpp,1327,if@decodeSelection,if (T == 0) {,L4-DECODER,SURVIVES,n/a,,decodeSelection branch — DORMANT (no production consumer; enableEdgeExtension default false). TEST-only (EDGE1-7). SURVIVES.
branch,src/composing/analysis/chord/chordslicedecoder.cpp,1336,if@decodeSelection,if (slices[static_cast<std::size_t>(i)].start < selectionEnd,L4-DECODER,SURVIVES,n/a,,decodeSelection branch — DORMANT (no production consumer; enableEdgeExtension default false). TEST-only (EDGE1-7). SURVIVES.
branch,src/composing/analysis/chord/chordslicedecoder.cpp,1338,if@decodeSelection,if (selFirst < 0) { selFirst = i; },L4-DECODER,SURVIVES,n/a,,decodeSelection branch — DORMANT (no production consumer; enableEdgeExtension default false). TEST-only (EDGE1-7). SURVIVES.
branch,src/composing/analysis/chord/chordslicedecoder.cpp,1342,if@decodeSelection,if (selFirst < 0) {,L4-DECODER,SURVIVES,n/a,,decodeSelection branch — DORMANT (no production consumer; enableEdgeExtension default false). TEST-only (EDGE1-7). SURVIVES.
branch,src/composing/analysis/chord/chordslicedecoder.cpp,1354,if@decodeSelection,if (static_cast<int>(full.size()) != T) {,L4-DECODER,SURVIVES,n/a,,decodeSelection branch — DORMANT (no production consumer; enableEdgeExtension default false). TEST-only (EDGE1-7). SURVIVES.
branch,src/composing/analysis/chord/chordslicedecoder.cpp,1358,if@decodeSelection,if (decoded.empty()) {,L4-DECODER,SURVIVES,n/a,,decodeSelection branch — DORMANT (no production consumer; enableEdgeExtension default false). TEST-only (EDGE1-7). SURVIVES.
branch,src/composing/analysis/chord/chordslicedecoder.cpp,1383,if@decodeSelection,if ((earlierRelevant || laterRelevant) && attempt < maxSteps) {,L4-DECODER,SURVIVES,n/a,,decodeSelection branch — DORMANT (no production consumer; enableEdgeExtension default false). TEST-only (EDGE1-7). SURVIVES.
branch,src/composing/analysis/chord/chordslicedecoder.cpp,1385,if@decodeSelection,if (earlierRelevant) {,L4-DECODER,SURVIVES,n/a,,decodeSelection branch — DORMANT (no production consumer; enableEdgeExtension default false). TEST-only (EDGE1-7). SURVIVES.
branch,src/composing/analysis/chord/chordslicedecoder.cpp,1391,if@decodeSelection,if (laterRelevant) {,L4-DECODER,SURVIVES,n/a,,decodeSelection branch — DORMANT (no production consumer; enableEdgeExtension default false). TEST-only (EDGE1-7). SURVIVES.
branch,src/composing/analysis/chord/chordslicedecoder.cpp,1397,if@decodeSelection,if (grew) {,L4-DECODER,SURVIVES,n/a,,decodeSelection branch — DORMANT (no production consumer; enableEdgeExtension default false). TEST-only (EDGE1-7). SURVIVES.
branch,src/composing/analysis/chord/chordslicedecoder.cpp,1407,if@decodeSelection,if (earlierClip) { decoded.front().clippedBySelectionEdge = true; },L4-DECODER,SURVIVES,n/a,,decodeSelection branch — DORMANT (no production consumer; enableEdgeExtension default false). TEST-only (EDGE1-7). SURVIVES.
branch,src/composing/analysis/chord/chordslicedecoder.cpp,1408,if@decodeSelection,if (laterClip)   { decoded.back().clippedBySelectionEdge = true; },L4-DECODER,SURVIVES,n/a,,decodeSelection branch — DORMANT (no production consumer; enableEdgeExtension default false). TEST-only (EDGE1-7). SURVIVES.
branch,src/composing/analysis/chord/chordslicedecoder.cpp,1410,if@decodeSelection,if (earlierRelevant && hardBoundSpent) { decoded.front().cueDenied = true; },L4-DECODER,SURVIVES,n/a,,decodeSelection branch — DORMANT (no production consumer; enableEdgeExtension default false). TEST-only (EDGE1-7). SURVIVES.
branch,src/composing/analysis/chord/chordslicedecoder.cpp,1411,if@decodeSelection,if (laterRelevant && hardBoundSpent)   { decoded.back().cueDenied = true; },L4-DECODER,SURVIVES,n/a,,decodeSelection branch — DORMANT (no production consumer; enableEdgeExtension default false). TEST-only (EDGE1-7). SURVIVES.
