name,layer,liveness,decl_site,apply_site,form,constants,consumers,roster_factor,roster_factor_text,constants_in_param_manifest,constants_not_in_param_manifest,hand_verified,notes
scoreTemplateTones,L4-oracle,live,src/composing/analysis/chord/chordanalyzer.cpp:450-463,src/composing/analysis/chord/chordanalyzer.cpp:1467,"additive weighted presence sum per template tone; per-position factor x min(weight, cap)",kRootToneFactor=1.8 [hand-set]; kSecondToneFactor=1.2 [hand-set]; kOtherToneFactor=1.0 [hand-set]; kTemplateToneWeightCap=3.0 [hand-set],basisIndepMatrix -> cell.basisIndep -> competition pipeline,F1,"NCT-cleaned tone collections / pitch content -> emission P(pitches|tonic,mode,chord)",kOtherToneFactor;kRootToneFactor;kSecondToneFactor;kTemplateToneWeightCap,,yes,root>second>other ordering claimed theory-grounded in code comment; values empirical
scoreExtraNotes,L4-oracle,live,src/composing/analysis/chord/chordanalyzer.cpp:473-544,src/composing/analysis/chord/chordanalyzer.cpp:1468,"signed additive per non-template pc: Extension +factor*min(w,cap); Contradiction -kContradictionPenalty*...; Foreign -kForeignPenalty*...",kContradictionPenalty=0.75 [hand-set]; kExtensionFactor7th=0.45 [hand-set]; kExtensionFactorFlat13=0.20 [hand-set]; kExtensionFactorDefault=0.35 [hand-set]; kForeignPenalty=0.45 [hand-set]; kExtraNoteWeightCap=2.0 [hand-set],basisIndep -> competition pipeline,F1,"NCT-cleaned tone collections / pitch content -> emission P(pitches|tonic,mode,chord)",kContradictionPenalty;kExtensionFactor7th;kExtensionFactorDefault;kExtensionFactorFlat13;kExtraNoteWeightCap;kForeignPenalty,,yes,inline bars: w<0.01 not-sounding cutoff (:487); M3/P4-absent contradiction overrides test <0.1 (:505/:511)
Sus4 TPC third disambiguation,L4-oracle,live,src/composing/analysis/chord/chordanalyzer.cpp:98-99,src/composing/analysis/chord/chordanalyzer.cpp:~520 (inside scoreExtraNotes),"spelling-conditioned extension factor override for interval 3 over Sus4: Eb spelling -> 0.10, D# spelling -> 0.45",kSus4FlatThirdFactor=0.10 [hand-set]; kSus4SharpThirdFactor=0.45 [hand-set],scoreExtraNotes,F3,notated spelling + accidentals -> spelling-conditioned emission + mode disambiguation,kSus4FlatThirdFactor;kSus4SharpThirdFactor,,yes,one of the few live spelling-conditioned emission terms
dim7CharacteristicBonus,L4-oracle,live,src/composing/analysis/chord/chordanalyzer.cpp:555-585,src/composing/analysis/chord/chordanalyzer.cpp:1469-1470,conditional additive bonus = rotation selector: Diminished + dim7 pc sounding + full triad + dim7 pc NON-diatonic to signature collection (pcInMask),kDim7CharacteristicBonus=0.75 [hand-set],basisIndep,F1,"NCT-cleaned tone collections / pitch content -> emission P(pitches|tonic,mode,chord)",kDim7CharacteristicBonus,,yes,"OI-168-fixed form (signature mask, no tonic); THE dim7 rotation-selection mechanism (do not remove without replacement)"
nonBassAdjustment,L4-oracle,live,src/composing/analysis/chord/chordanalyzer.cpp:632-654,src/composing/analysis/chord/chordanalyzer.cpp:1581,subtractive penalty for Min7/4-note-Sus4/HalfDim with root!=bass; waived on full TPC spelling match,kNonBassPenalty=0.35 [hand-set],basisDep,F9,bass-motion skeletons -> bass/inversion emission,kNonBassPenalty,,yes,TPC waiver is a spelling-conditioned exception (F3 aspect)
structuralPenalties,L4-oracle,live,src/composing/analysis/chord/chordanalyzer.cpp:660-743,src/composing/analysis/chord/chordanalyzer.cpp:1471,subtractive template-family consistency penalties (missing defining tones; enharmonic ambiguity; power-chord vs triad),kSus4MissingFourth=0.70 [hand-set]; kSus4StructuralFourthThreshold=0.50 [hand-set]; kSus4VariantMissing7th=0.70 [hand-set]; kSus4Maj7MissingP5=0.50 [hand-set]; kDom7FlatFiveTpcPenalty=0.55 [hand-set]; kDom7FlatFiveMissing7th=0.50 [hand-set]; kPowerChord3PcPenalty=0.30 [hand-set],basisIndep,F1,"NCT-cleaned tone collections / pitch content -> emission P(pitches|tonic,mode,chord)",kDom7FlatFiveMissing7th;kDom7FlatFiveTpcPenalty;kPowerChord3PcPenalty;kSus4Maj7MissingP5;kSus4MissingFourth;kSus4StructuralFourthThreshold;kSus4VariantMissing7th,,yes,inline 0.05 presence bars at :697/:709/:731 (OI-106b); distinctPcs>=3 power gate :738
tpcConsistencyBonus,L4-oracle,live,src/composing/analysis/chord/chordanalyzer.cpp:748-754,src/composing/analysis/chord/chordanalyzer.cpp:1472,additive per non-root template tone whose authored TPC matches the expected circle-of-fifths delta,tpcConsistencyBonusPerTone=0.20 [hand-set],basisIndep,F3,notated spelling + accidentals -> spelling-conditioned emission + mode disambiguation,tpcConsistencyBonusPerTone,,yes,the main live spelling-conditioned chord emission term
appliedBassRootBonus + bassRootBonusMultiplier,L4-oracle,live,"src/composing/analysis/chord/chordanalyzer.cpp:756-805,872-883",src/composing/analysis/chord/chordanalyzer.cpp:1574-1581,additive bass-root reward x support-shell multiplier (full 1.0 / shell 0.3 / bare 0.1),bassNoteRootBonus=0.70 [hand-set]; bassRootThirdOnlyMultiplier=0.3 [hand-set]; bassRootAloneMultiplier=0.1 [hand-set]; kBassSupportPresenceThreshold=0.05 [hand-set],basisDep + cell.appliedBassBonus (threshold de-inflation),F9,bass-motion skeletons -> bass/inversion emission,bassNoteRootBonus;bassRootAloneMultiplier;bassRootThirdOnlyMultiplier;kBassSupportPresenceThreshold,,yes,
diatonicRootContribution,L4-oracle,live,src/composing/analysis/chord/chordanalyzer.cpp:910-917,src/composing/analysis/chord/chordanalyzer.cpp:1473,"additive bonus when candidate root is in the key SIGNATURE's diatonic collection (pcInMask(diatonicMaskFromFifths(fifths), pc); no tonic, no mode scale)",diatonicRootBonus=0.30 [hand-set],basisIndep,NONE,maps to no §2 roster factor (keep/fix/drop input for the design pass),diatonicRootBonus,,yes,"P(chord-root | key collection) coupling; nearest joint-model home: the key-conditioned chord emission (the OI-168-fixed signature-mask FORM, arch doc §3)"
complexityFactor,L4-oracle,live,src/composing/analysis/chord/chordanalyzer.cpp:1476-1483,src/composing/analysis/function/harmonicfunctionlayer.cpp:427,multiplicative discount when evidenceRatio(distinctPcs/templateTones) < floor: factor = floor + ratio; else 1.0,kComplexityEvidenceFloor=0.5 [hand-set],score multiply (cf),F1,"NCT-cleaned tone collections / pitch content -> emission P(pitches|tonic,mode,chord)",,kComplexityEvidenceFloor,yes,Iter-74 FixA; one constant serves as threshold AND additive floor
augFactor,L4-oracle,live,src/composing/analysis/chord/chordanalyzer.cpp:1487-1505,src/composing/analysis/function/harmonicfunctionlayer.cpp:427,"multiplicative halving (x0.5, can apply twice) for Augmented templates on thin/bare-root evidence",kAugThinEvidenceFactor=0.5 [hand-set],score multiply (af),F1,"NCT-cleaned tone collections / pitch content -> emission P(pitches|tonic,mode,chord)",,kAugThinEvidenceFactor,yes,Iter-78/79
wComplete,L4-oracle,live,src/composing/analysis/chord/chordanalyzer.cpp:1519-1550,src/composing/analysis/function/harmonicfunctionlayer.cpp:428,flat additive bonus: joint scoring + root-position + exactly 3 distinct pcs + all triad tones present > presence bar,kWComplete=0.50 [hand-set]; kWCompletePresenceThreshold=0.05 [hand-set],post-multiply score add,F9,bass-motion skeletons -> bass/inversion emission,kWComplete,kWCompletePresenceThreshold,yes,Iter-92; root-position complete triads outrank slash readings
detectExtensions thresholds,L4-oracle,live,src/composing/analysis/chord/chordanalyzer.cpp:270-383,"src/composing/analysis/chord/chordanalyzer.cpp:976,981,997,1095",hard presence thresholds deciding identity extension bits (not score),kSeventhThreshold=0.12 [hand-set]; kExtensionThreshold=0.20 [hand-set],identity.extensions,F1,"NCT-cleaned tone collections / pitch content -> emission P(pitches|tonic,mode,chord)",kSeventhThreshold,kExtensionThreshold,yes,"inline higher bars 0.3 (#11 :357, b13 :377) and 0.2 (:378) — OI-106b class"
"pcWeight floor max(0.1, w)",L4-oracle,live,src/composing/analysis/chord/chordanalyzer.cpp:1133,src/composing/analysis/chord/chordanalyzer.cpp:1133,per-tone weight floor before scoring (every sounding tone counts at least 0.1),"pcWeightFloor=0.1 [hand-set, inline]",pcWeight histogram,F7,beat strength / metric position -> emission weighting + chord-change-on-strong-beat prior,,pcWeightFloor,yes,interacts with kSeventhThreshold (must exceed the floor)
bass-candidate enumeration,L4-oracle,live,"src/composing/analysis/chord/chordanalyzer.cpp:1161,1176-1276",src/composing/analysis/chord/chordanalyzer.cpp:1248-1252,"hard gates: enumeration fires on (onset-true AND onset-false present) OR sparse-upper (distinctPc<=2, >=2 cands, lowestPitch>60); weight filter fraction; cap 4 candidates","bassPassingToneMinWeightFraction=0.05 [hand-set]; bassCandCap=4 [hand-set, inline]; registerCutoffMidi=60 [hand-set, inline]","joint (bass,root,template) grid",F9,bass-motion skeletons -> bass/inversion emission,bassPassingToneMinWeightFraction,bassCandCap;registerCutoffMidi,yes,Iter-92 joint scoring
hasStructuralBass,L4-oracle,live,src/composing/analysis/chord/chordanalyzer.cpp:1320,src/composing/analysis/chord/chordanalyzer.cpp:1600-1605,hard gate: lowestPitch<=60 OR distinctPcs>=3; ANDed into inversion-bonus eligibility flags,"structural (bars 60 / 3) [hand-set, inline]",supportsInversionBonuses / qualifiesCompleteTriad,F9,bass-motion skeletons -> bass/inversion emission,,,yes,sparse upper-register bass gets no inversion bonuses
jointScoringEnabled,L4-oracle,live,src/composing/analysis/chord/chordanalyzer.cpp:1166-1172,src/composing/analysis/function/harmonicfunctionlayer.cpp (wSeq/wDim/wStep gates),hard gate: any tone has onsetAtRegionStart or distinctMetricPositions>0 (i.e. came from regional accumulation),structural,wComplete/wSeq/wDim/wStep firing,F7,beat strength / metric position -> emission weighting + chord-change-on-strong-beat prior,,,yes,
minDistinctPcsForCandidate,L4-oracle,live,src/composing/analysis/types/analysistypes.h:374,src/composing/analysis/chord/chordanalyzer.cpp:1304,hard admission gate: fewer distinct pcs than this -> no candidates (segmenter relaxes to 1; Pass-1 sparse-admission retries at 1),minDistinctPcsForCandidate=3 [hand-set],analyzeChord admission,F1,"NCT-cleaned tone collections / pitch content -> emission P(pitches|tonic,mode,chord)",minDistinctPcsForCandidate,,yes,
buildChordResult: degree + diatonicToKey,L4-oracle,live,src/composing/analysis/chord/chordanalyzer.cpp:1002-1062,published on ChordAnalysisResult,lookup: degree = index of rootPc in (keyTonicPc + parent-scale) — TONIC-relative; diatonicToKey = degree>=0 AND every pc with weight>0.2 in parent scale,"diatonicWeightBar=0.2 [hand-set, inline]",post-scoring gates read scale/keyTonicPc; published flag read by notationimplodebridge.cpp:1205,NONE,maps to no §2 roster factor (keep/fix/drop input for the design pass),,diatonicWeightBar,yes,OI-170/OI-173 carried defect sites (class-(a) collection-through-tonic; parent-scale degree basis); default-OFF signature-mask twin :1038-1062
quality normalizations in buildChordResult,L4-oracle,live,src/composing/analysis/chord/chordanalyzer.cpp:921-998,results[],hard rewrites: augmented root correction (bass pc present>0.05); Sus2->Sus4 upgrade when P4 sounding; Sus->Major+omitsThird when Maj7 present and no third (>0.2 bars),"presenceBars=0.05/0.2 [hand-set, inline]",results[] identity,F1,"NCT-cleaned tone collections / pitch content -> emission P(pitches|tonic,mode,chord)",,presenceBars,yes,
rootContinuityBonus + Gate R,L4-competition,live,"src/composing/analysis/types/analysistypes.h:219; src/composing/analysis/function/harmonicfunctionlayer.cpp:54-58,237-242,274-284",src/composing/analysis/function/harmonicfunctionlayer.cpp:423-425,"additive continuity bonus when candidateRoot==previousRoot, folded pre-multiply; Gate R (hard) zeroes it when rcb>0 AND fullBasisDep<=0 AND bass foreign to template (kMasks lookup), Final phase only",rootContinuityBonus=0.40 [hand-set],competition score,F5,progression grammaticality -> chord transition term,rootContinuityBonus,,yes,self-transition prior in disguise; Gate R masks derived from kTemplateIntervals [derived]
resolutionEdgeBonus,L4-competition,live,src/composing/analysis/types/analysistypes.h:226; src/composing/analysis/function/harmonicfunctionlayer.cpp:120-146,src/composing/analysis/function/harmonicfunctionlayer.cpp:410-412,additive: prevDim->Maj/min semitone up; prevHalfDim->Maj P4 up; prevAug->same root,resolutionBonus=0.35 [hand-set],fullBasisIndep (pre-multiply),F5,progression grammaticality -> chord transition term,resolutionBonus,,yes,a 3-rule resolution-grammar fragment
inversionContextBonus (4 bonuses + cap),L4-competition,live,src/composing/analysis/types/analysistypes.h:245-287; src/composing/analysis/function/harmonicfunctionlayer.cpp:148-179,src/composing/analysis/function/harmonicfunctionlayer.cpp:413-417,"additive sum: completeTriad (stepwise evidence) + stepwiseFromPrev + stepwiseToNext + sameRoot, clamped at cap (cap non-binding: sums 1.85/0.75)",stepwiseBassInversionBonus=0.5 [hand-set]; stepwiseBassLookaheadBonus=0.5 [hand-set]; completeTriadInversionBonus=0.45 [hand-set]; sameRootInversionBonus=0.4 [hand-set]; maxTotalInversionContextBonus=2.0 [hand-set],fullBasisDep,F9,bass-motion skeletons -> bass/inversion emission,completeTriadInversionBonus;maxTotalInversionContextBonus;sameRootInversionBonus;stepwiseBassInversionBonus;stepwiseBassLookaheadBonus,,yes,Jazz preset overrides: 0.20/0.20/0.20/0.15 (batch_analyze.cpp:4230-4233)
wSeqBonus,L4-competition,live,src/composing/analysis/function/harmonicfunctionlayer.h:125; src/composing/analysis/function/harmonicfunctionlayer.cpp:60-67,src/composing/analysis/function/harmonicfunctionlayer.cpp:429-432,"additive: next root a P4 above candidate root (V->I), distinctPcs>=4, Final phase",kWSeq=0.20 [hand-set],post-multiply score add,F5,progression grammaticality -> chord transition term,kWSeq,,yes,
wDimBonus + post-bonus quality guard,L4-competition,live,"src/composing/analysis/function/harmonicfunctionlayer.h:126; src/composing/analysis/function/harmonicfunctionlayer.cpp:69-78,479-496",src/composing/analysis/function/harmonicfunctionlayer.cpp:433-438,"additive: Dim/HalfDim one semitone below next root, distinctPcs>=4; guard: accept with-wDim winner only if Dim/HalfDim else fall back",kWDim=0.15 [hand-set],winner variant selection,F5,progression grammaticality -> chord transition term,kWDim,,yes,"rotation-correction signal, not quality-flip (guard enforces)"
wStepIn/wStepOut + surgical guard,L4-competition,live,"src/composing/analysis/function/harmonicfunctionlayer.h:127-129; src/composing/analysis/function/harmonicfunctionlayer.cpp:89-111,309-353",src/composing/analysis/function/harmonicfunctionlayer.cpp:451-454,"additive stepwise-bass bonuses (root-position, non-Power, Final phase); blocked when an m7-family competitor a m3 below bass is within kStepBudget",kWStepIn=0.125 [fit-adopted (2.2e); 0.10 on Jazz/Standard carriers]; kWStepOut=0.10 [hand-set]; kStepBudget=0.235 [derived kWStepIn+kWStepOut+0.01],post-multiply score add,F9,bass-motion skeletons -> bass/inversion emission,kWStepIn;kWStepOut,kStepBudget,yes,the ONLY robust-unit-fitted value in the system (OI-23); 4 load-bearing gates
ScoringPhase gating,L4-competition,live,src/composing/analysis/types/analysistypes.h:386; src/composing/analysis/function/harmonicfunctionlayer.cpp:374,all progression-signal call sites,hard phase gate: Segmentation phase suppresses wStep/wSeq/wDim and Gate R (rcb stays active),structural,segmentation vs final scoring,F6,harmonic rhythm + boundary strength -> segmentation (semi-Markov duration) model,,,yes,keeps segmentation independent of progression signals
kScoreThresholdRatio + result cap + diff-root append,L4-competition,live,src/composing/analysis/function/harmonicfunctionlayer.h:135; src/composing/analysis/function/harmonicfunctionlayer.cpp:508-549,"src/composing/analysis/function/harmonicfunctionlayer.cpp:510,521,524,533-549",carry policy: threshold=(best - winnerBassBonus)*ratio; cap 3 results; guaranteed different-root append when winner bass-rooted,"kScoreThresholdRatio=0.75 [hand-set]; resultCap=3 [hand-set, inline]",results[]/alternatives[] (L5-consumed carry),NONE,maps to no §2 roster factor (keep/fix/drop input for the design pass),,kScoreThresholdRatio;resultCap,yes,"output-surface carry policy, not an inference factor; information-loss relevant (#12, OI-9)"
cross-bass winner selection + tie policy,L4-competition,live,src/composing/analysis/function/harmonicfunctionlayer.cpp:388-504,src/composing/analysis/function/harmonicfunctionlayer.cpp:499-504,"argmax over all (bass,root,template) cells; exact-double compare, then lower tiePriority (template index), then lower rootPc",structural,committed winner,NONE,maps to no §2 roster factor (keep/fix/drop input for the design pass),,,yes,near-ties unprotected (documented FP fragility)
gate outer guard,L4-gates,live,src/composing/analysis/chord/postscoringgates.cpp:154-157,src/composing/analysis/chord/postscoringgates.cpp:154,hard gate over ALL rules: inversionSuspicionMargin>0 AND inversionBonusReduction<1 AND >=2 results AND distinctPcs>=3,inversionSuspicionMargin=0.70 [hand-set]; inversionBonusReduction=0.0 [hand-set],whole gate block,NONE,maps to no §2 roster factor (keep/fix/drop input for the design pass),inversionBonusReduction;inversionSuspicionMargin,,yes,disabling the margin disables every gate (pinned F2/F3)
bias correction,L4-gates,live,src/composing/analysis/chord/postscoringgates.cpp:320-360,src/composing/analysis/chord/postscoringgates.cpp:334-339,subtractive deduction bassNoteRootBonus*(1-reduction) from bass-root Maj/Min winner when margin < suspicion margin; seventh-exempt; then stable re-sort,inversionSuspicionMargin=0.70 [hand-set],re-ranked results[],F9,bass-motion skeletons -> bass/inversion emission,inversionSuspicionMargin,,yes,counteracts bass-root bonus over-fire on inversions
HalfDim first-inversion bonus,L4-gates,live,"src/composing/analysis/chord/postscoringgates.cpp:48,217-239",src/composing/analysis/chord/postscoringgates.cpp:351-356,additive bonus to a HalfDim inversion alt inside the flip block (preferMinorOverMajorAdd6 carriers),kHalfDimFirstInversionBonus=0.55 [hand-set],bias-correction re-sort,F9,bass-motion skeletons -> bass/inversion emission,kHalfDimFirstInversionBonus,,yes,Iter-61 Option B
FM2 enharmonic flip (Major-add6 <-> Minor7),L4-gates,live,src/composing/analysis/chord/postscoringgates.cpp:273-282,src/composing/analysis/chord/postscoringgates.cpp:278,"hard promotion (swap-or-append) of Minor at (root+9)%12 when winner Major+add6, preset-gated",preferMinorOverMajorAdd6=true(Baroque/Standard)/false(Jazz/Default) [hand-set preset],winner,NONE,maps to no §2 roster factor (keep/fix/drop input for the design pass),preferMinorOverMajorAdd6,,yes,enharmonic-identity disambiguation; nearest factor: spelling-conditioned emission (F3) should decide this
Gate E (first-inversion Minor->Major),L4-gates,live,src/composing/analysis/chord/postscoringgates.cpp:295-311,src/composing/analysis/chord/postscoringgates.cpp:307,"hard swap: winner Minor, Major alt at (root+8)%12 sounding, stepwise bass evidence",structural (uses extensionThreshold),winner,F9,bass-motion skeletons -> bass/inversion emission,,,yes,DEFER disposition (Stage-5 audit)
Gates G-E / G-D (Minor-add6 <-> HalfDim7),L4-gates,live,src/composing/analysis/chord/postscoringgates.cpp:380-407,src/composing/analysis/chord/postscoringgates.cpp:403,"hard promotion of HalfDim7 at (root+9)%12: G-E on key-degree membership {LT, supertonic, mediant} (TONIC-relative); G-D on >=2 consecutive stepwise bass",structural (degree offsets 11/2/4; count>=2),winner,NONE,maps to no §2 roster factor (keep/fix/drop input for the design pass),,,yes,"G-E is a genuine-tonic (degree) site — OI-170 class-(b), 58 winner swaps Baroque; enharmonic disambiguation via key function"
Gate H (augmented rotation),L4-gates,live,src/composing/analysis/chord/postscoringgates.cpp:421-461,src/composing/analysis/chord/postscoringgates.cpp:441-461,"hard swap among augmented enharmonic rotations {+4,+8} on temporal sub-gates (next-root match / recent roots / stepwise count>=2)",structural,winner,NONE,maps to no §2 roster factor (keep/fix/drop input for the design pass),,,yes,class-(a) rotation churn family; DEFER disposition
Gate I (first-inversion Major over root-position Minor),L4-gates,live,"src/composing/analysis/chord/postscoringgates.cpp:46,474-518",src/composing/analysis/chord/postscoringgates.cpp:517-518,"hard swap: same bass, I4 interval, root diatonic (TONIC-anchored scale loop — OI-170 class-(a) site), margin <= kGateIMargin",kGateIMargin=0.45 [hand-set],winner,F9,bass-motion skeletons -> bass/inversion emission,,kGateIMargin,yes,RETAIN-structural (disabling adds +5 class-(b) Jazz)
Gate L (Major over Augmented same-root),L4-gates,live,"src/composing/analysis/chord/postscoringgates.cpp:47,541-576",src/composing/analysis/chord/postscoringgates.cpp:575-576,"hard swap: Major alt at same root+bass, diatonic (TONIC-anchored — OI-170 class-(a) site), margin <= kGateLMargin, seventh-excluded",kGateLMargin=0.35 [hand-set],winner,NONE,maps to no §2 roster factor (keep/fix/drop input for the design pass),,kGateLMargin,yes,quality correction (Aug->Maj); RETAIN (18 Jazz sites)
Gate J (viio -> V7),L4-gates,live,src/composing/analysis/chord/postscoringgates.cpp:592-612,src/composing/analysis/chord/postscoringgates.cpp:608,hard swap: root-position Dim triad with M3-below pc sounding -> Major+m7 rooted there (V6/5 reading),structural (uses extensionThreshold),winner,F5,progression grammaticality -> chord transition term,,,yes,RETAIN (catastrophic on Jazz if disabled)
Iter-86 bass-b7 promotion,L4-postpass,live,src/composing/analysis/chord/chordpostpasses.cpp:135-149,src/composing/analysis/chord/chordpostpasses.cpp:147,in-place extension stamp: bass at b7 of a plain Maj/Min winner above extensionThreshold -> MinorSeventh added,structural (interval 10),winner extensions (suppresses pedal check),F9,bass-motion skeletons -> bass/inversion emission,,,yes,
Iter-91 bass-as-root promotion,L4-postpass,live,src/composing/analysis/chord/chordpostpasses.cpp:163-188,src/composing/analysis/chord/chordpostpasses.cpp:183-186,"hard append-promotion when next region's root equals current bass and delta/quality pattern matches (A: 8+Minor, B: 9+Major)",structural (deltas 8/9),winner,F5,progression grammaticality -> chord transition term,,,yes,forward-context gated
pedal-point two-pass check,L4-postpass,live,src/composing/analysis/chord/chordpostpasses.cpp:190-277,src/composing/analysis/chord/chordpostpasses.cpp:271-277,conditional replacement: bass not a chord tone + >=2 upper pcs -> re-analyze upper voices; commit when sigmoid(1/(1+exp(-1.5*(gap-2.0)))) >= threshold,"pedalConfidenceThreshold=0.65 [hand-set]; pedalSigmoidSteepness=1.5 [hand-set, inline]; pedalSigmoidMidpoint=2.0 [hand-set, inline]",committed results + isPedalPoint,F1,"NCT-cleaned tone collections / pitch content -> emission P(pitches|tonic,mode,chord)",pedalConfidenceThreshold,pedalSigmoidMidpoint;pedalSigmoidSteepness,yes,sigmoid literals inlined (OI-79 duplication)
applyTonicPriorToSparseChord,L4-commit,live,src/composing/analysis/region/sparsechordrefinement.cpp:182-223,src/composing/analysis/region/regionanalyzer.cpp:1017,hard quality overwrite: thin quality (Power/Sus2/Sus4) + <=2 distinct pcs + root is a diatonic DEGREE -> degree's diatonic triad quality,structural (distinctPc bar 2),committed quality (before decoder.commit),NONE,maps to no §2 roster factor (keep/fix/drop input for the design pass),,,yes,OI-172: live genuine-tonic identity write (172/183/172 overwrites); P(chord-quality | degree) prior in disguise
refineSparseChordQualityFromKeyContext + Aeolian guard,L4-commit,live,src/composing/analysis/region/sparsechordrefinement.cpp:122-180,"src/composing/analysis/region/regionanalyzer.cpp:1015,1233,1423",Unknown-quality upgrade to the degree's diatonic triad; guard: lone tonic/dominant pc in Aeolian stays Unknown,structural,committed quality,NONE,maps to no §2 roster factor (keep/fix/drop input for the design pass),,,yes,sibling of OI-172 (this one only acts on Unknown)
Round-1 anchor gates,L2,live,src/composing/analysis/harmony/harmonicsegmenter.h:43-47; src/composing/analysis/harmony/harmonicsegmenter.cpp:639-674,src/composing/analysis/harmony/harmonicsegmenter.cpp:722-746,per-region hard threshold filter (no global objective): on-beat + duration >= scaled min + staves >= 75% mean + analyzeChord winner score >= scaled min,"kAnchorMinScore=1.5 [hand-set]; kAnchorMinDurationTicks=480 [hand-set]; staveFraction=0.75 [hand-set, inline]; kRefActiveStaves=3.5 [hand-set]; kScoreFloorFraction=0.75 [hand-set]",greedyExpandSegmentation anchors,F6,harmonic rhythm + boundary strength -> segmentation (semi-Markov duration) model,,kAnchorMinDurationTicks;kAnchorMinScore;kRefActiveStaves;kScoreFloorFraction;staveFraction,yes,"audit disposition: L2-LEGACY, retires R6 (slicer successor wired but legacy path still live)"
Round-2 gap-fill,L2,live,src/composing/analysis/harmony/harmonicsegmenter.h:52; src/composing/analysis/harmony/harmonicsegmenter.cpp:422-555,src/composing/analysis/harmony/harmonicsegmenter.cpp:455-555,fill between anchors: sort candidates by score desc; promote if score >= scaled kRound2MinScore and harmonically distinct from neighbours; long gaps (>4x min duration) drop bilateral context,"kRound2MinScore=1.25 [hand-set]; longGapMultiplier=4 [hand-set, inline]",segmentation regions,F6,harmonic rhythm + boundary strength -> segmentation (semi-Markov duration) model,,kRound2MinScore;longGapMultiplier,yes,
head-gap tonic prior (Iter-74 Fix-B),L2,live,src/composing/analysis/harmony/harmonicsegmenter.cpp:848-889,src/composing/analysis/harmony/harmonicsegmenter.cpp:860-889,hard identity overwrite: synthesized head region whose winner is not tonic-rooted and margin < 0.4 gets a tonic-rooted alternative or the modal tonic triad outright,kHeadGapTonicPreferenceMargin=0.4 [hand-set],committed head region root/bass/quality,NONE,maps to no §2 roster factor (keep/fix/drop input for the design pass),,kHeadGapTonicPreferenceMargin,yes,OI-175: the third live chord-deciding genuine-tonic site (first outside L4); fire count unmeasured
head/tail gap synthesis gates,L2,live,"src/composing/analysis/harmony/harmonicsegmenter.cpp:823,915","src/composing/analysis/harmony/harmonicsegmenter.cpp:823,915",synthesize covering region only when top candidate score > 0; tail synthesis has NO tonic prior,structural,segmentation coverage,F6,harmonic rhythm + boundary strength -> segmentation (semi-Markov duration) model,,,yes,
Pass-2 onset-Jaccard sub-boundaries,L2,live,src/composing/analysis/engravingbridge/regiontonecollector.h:194; src/composing/analysis/engravingbridge/regiontoneprimitives.cpp:279-368,src/composing/analysis/engravingbridge/regiontoneprimitives.cpp:360,hard: Jaccard distance of consecutive onset sets >= threshold AND >= 2 quarter notes since last boundary,"onsetBoundaryThreshold=0.25 [hand-set]; minGapTicks=960 [hand-set, inline]",region subdivision,F6,harmonic rhythm + boundary strength -> segmentation (semi-Markov duration) model,,minGapTicks;onsetBoundaryThreshold,yes,live callers pass opts.onsetBoundaryThreshold (kDefaultOnsetBoundaryThreshold)
Pass-2b bass-movement sub-boundaries,L2,live,src/composing/analysis/engravingbridge/regiontonecollector.h:207; src/composing/analysis/engravingbridge/regiontoneprimitives.cpp:370-449,src/composing/analysis/engravingbridge/regiontoneprimitives.cpp:441,hard: ANY bass pc change with >= 2 quarter notes gap fires a boundary; iterated up to 8 passes,minGapTicks=960 [hand-set]; kMaxBassMovementPasses=8 [hand-set],region subdivision,F6,harmonic rhythm + boundary strength -> segmentation (semi-Markov duration) model,,kMaxBassMovementPasses;minGapTicks,yes,
region size floors + coalesce,L2,live,"src/composing/analysis/scoreharvest/metricweights.h:68-69; src/composing/analysis/region/regionanalyzer.cpp:67-68,123-169,246-251","src/composing/analysis/region/regionanalyzer.cpp:251,1088,1287","hard floors: Pass-2/2b eligibility 4 quarters; Pass-3 absorbs regions < 1 quarter; short same-root runs (>=3 regions, >=720 ticks) coalesce",kMinRegionTicks=480 [hand-set]; kPass2MinRegionTicks=1920 [hand-set]; kPass2bMinRegionTicks=1920 [hand-set]; kCoalesceMinRunTicks=720 [derived]; kCoalesceMinRunCount=3 [hand-set],final region stream,F6,harmonic rhythm + boundary strength -> segmentation (semi-Markov duration) model,,kCoalesceMinRunCount;kCoalesceMinRunTicks;kMinRegionTicks;kPass2MinRegionTicks;kPass2bMinRegionTicks,yes,
Pass-1 sparse-admission fallback,L2,live,src/composing/analysis/region/regionanalyzer.cpp:896-911,src/composing/analysis/region/regionanalyzer.cpp:911,retry Pass 1 with minDistinctPcsForCandidate=1 when the first attempt returns empty,structural,region stream (0-region regression guard),F6,harmonic rhythm + boundary strength -> segmentation (semi-Markov duration) model,,,yes,Iter 75
change-point slicer,L2,live,src/composing/analysis/slicing/slicer.cpp:40-105,"src/composing/analysis/region/regionanalyzer.cpp:579,651","structural: boundaries = every eligible note onset/release, clipped; NO numeric terms",structural,slice stream (L3 decode substrate),F6,harmonic rhythm + boundary strength -> segmentation (semi-Markov duration) model,,,yes,coexists with legacy greedy-expand (declared transition)
regionMetricWeightForBeatType table,L1.5,live,src/composing/analysis/scoreharvest/metricweights.cpp:73-84,"src/composing/analysis/engravingbridge/regiontonecollector.cpp:158,168,229; src/composing/analysis/region/regionanalyzer.cpp:985",lookup table: DOWNBEAT 1.0 / STRESSED 0.85 / UNSTRESSED 0.75 / default 0.5,beatWeights=1.0/0.85/0.75/0.5 [hand-set table],region tone base weight,F7,beat strength / metric position -> emission weighting + chord-change-on-strong-beat prior,,beatWeights,yes,"one of TWO metric-weight tables (#6 dup with beatTypeToWeight, OI-86)"
beatTypeToWeight (key-path beat weights),L1.5,live,src/composing/analysis/scoreharvest/metricweights.cpp:39-53; src/composing/analysis/types/analysistypes.h:816-822,"src/composing/analysis/engravingbridge/regiontoneprimitives.cpp:153,213","prefs-driven lookup: 7 beat-type weights (downbeat 1.0, stressed 0.7, unstressed 0.4, subbeat 0.2)",beatWeightDownbeat=1.0 [hand-set]; beatWeightCompoundStressed=0.7 [hand-set]; beatWeightSimpleStressed=0.7 [hand-set]; beatWeightCompoundUnstressed=0.4 [hand-set]; beatWeightSimpleUnstressed=0.4 [hand-set]; beatWeightCompoundSubbeat=0.2 [hand-set]; beatWeightSubbeat=0.2 [hand-set],key-path pitch context weighting,F7,beat strength / metric position -> emission weighting + chord-change-on-strong-beat prior,,beatWeightCompoundStressed;beatWeightCompoundSubbeat;beatWeightCompoundUnstressed;beatWeightDownbeat;beatWeightSimpleStressed;beatWeightSimpleUnstressed;beatWeightSubbeat,yes,
timeDecay + span window,L1.5,live,"src/composing/analysis/scoreharvest/metricweights.h:57-60,104; src/composing/analysis/scoreharvest/metricweights.cpp:110-113","src/composing/analysis/engravingbridge/regiontoneprimitives.cpp:158,267; src/composing/analysis/key/keymodesequence.cpp:86-87",exponential decay decayRate^(beatsAgo/beatsPerUnit); lookahead notes weighted 0.5; window sizes 16/8 beats,DECAY_RATE=0.7 [hand-set]; LOOKAHEAD_WEIGHT=0.5 [hand-set]; LOOKBACK_BEATS=16 [hand-set]; LOOKAHEAD_BEATS=8 [hand-set],key-path pitch context; L3 decoder emission windows,F7,beat strength / metric position -> emission weighting + chord-change-on-strong-beat prior,,DECAY_RATE;LOOKAHEAD_BEATS;LOOKAHEAD_WEIGHT;LOOKBACK_BEATS,yes,SpanWindowWeights defaults 0.7/0.5/4.0 are DT-3 value-copies (OI-86)
weightedPcView base weight + boosts,L1.5,live,src/composing/analysis/engravingbridge/regiontonecollector.cpp:236-314,src/composing/analysis/engravingbridge/regiontonecollector.cpp:381-390,tone.weight = (durationInRegion/regionDuration) x beat weight; then repetition boost x(1+0.3*(distinctOnsets-1)); cross-voice boost x1.5; normalized to sum 1,"repetitionBoost=0.3 [hand-set, inline]; crossVoiceBoost=1.5 [hand-set, inline]",ChordAnalysisTone.weight -> analyzeChord pcWeight,F7,beat strength / metric position -> emission weighting + chord-change-on-strong-beat prior,,crossVoiceBoost;repetitionBoost,yes,OI-86/OI-87 constants; loudness never enters (OI-58 residue)
pedal-tail carry,L1.5,live,"src/composing/analysis/engravingbridge/regiontonecollector.cpp:151,316-341; src/composing/analysis/types/analysistypes.h:325",src/composing/analysis/engravingbridge/regiontonecollector.cpp:334,sustain-pedal tail contribution: (tailDuration/regionDuration) x attack beat weight x multiplier; gather window 4 whole notes back,"pedalTailWeightMultiplier=0.3 [hand-set]; backWindowWholeNotes=4 [hand-set, inline]",tone.weight,F7,beat strength / metric position -> emission weighting + chord-change-on-strong-beat prior,pedalTailWeightMultiplier,backWindowWholeNotes,yes,"flat discount, no decay (OI-58 item 5)"
dense-start lookahead exclusion,L1.5,live,"src/composing/analysis/engravingbridge/regiontonecollector.cpp:206,220,280",src/composing/analysis/engravingbridge/regiontonecollector.cpp:220,hard: >=3 pcs sounding at region start (batch path only) -> notes onsetting after start dropped,"denseStartPcBar=3 [hand-set, inline]",tone collection,F7,beat strength / metric position -> emission weighting + chord-change-on-strong-beat prior,,denseStartPcBar,yes,D1 divergence: batch true / bridge false (intentional)
phrase-boundary view (silence/marker detector),L1.5,dormant,src/composing/analysis/engravingbridge/phraseboundaryview.h:82-115,src/composing/analysis/engravingbridge/phraseboundaryview.cpp:368-456,per-voice surface strength wGap*gap+wInterOnset*ioi+wPitch*pitch; peak when > mean + k*SD; markers (fermata/barline/rest>=240 ticks) spike at 1.5x ceiling,wGap=0.50 [hand-set]; wInterOnset=0.30 [hand-set]; wPitch=0.20 [hand-set]; k=1.0 [hand-set]; tauTicks=0 [hand-set]; coincidenceWeight=0.0 [hand-set]; minSilenceTicks=240 [hand-set]; spikeCeilingFactor=1.5 [hand-set],gated OFF (jointKeyWiring),F8,fermatas + phrase facts -> segment-boundary and cadence-location priors,,coincidenceWeight;k;minSilenceTicks;spikeCeilingFactor;tauTicks;wGap;wInterOnset;wPitch,yes,the ONLY term surface for F8; fermatas enter only as generic markers
spelling view (line-of-fifths facts),L1.5,dormant,src/composing/analysis/engravingbridge/spellingview.cpp:36-76,src/composing/analysis/chord/chordslicedecoder.cpp:553,"structural fact extraction: lineOfFifths(tpc), sharp/flat sense, span centroid; no tunable constants",structural,dormant decoder spelling pin only,F3,notated spelling + accidentals -> spelling-conditioned emission + mode disambiguation,,,yes,no live L3 consumer — L3 emission is spelling-blind
L3 note weighting,L3,live,src/composing/analysis/types/analysistypes.h:606-610; src/composing/analysis/key/keymodeanalyzer.cpp:228-233,src/composing/analysis/key/keymodeanalyzer.cpp:228-233,"multiplicative per note: min(duration x beat, cap) x bassMultiplier if bass",noteWeightCap=3.0 [hand-set]; bassMultiplier=2.0 [hand-set],all L3 emission components,F7,beat strength / metric position -> emission weighting + chord-change-on-strong-beat prior,,bassMultiplier;noteWeightCap,yes,
scale-membership scoring (4-way),L3,live,src/composing/analysis/types/analysistypes.h:619-622; src/composing/analysis/key/keymodeanalyzer.cpp:238-261,src/composing/analysis/key/keymodeanalyzer.cpp:255-258,additive per note by (in candidate scale) x (in signature scale): 1.00 / 0.25 / -0.20 / -0.05,scaleScoreInBoth=1.00 [hand-set]; scaleScoreInCandidateOnly=0.25 [hand-set]; scaleScoreInKeySigOnly=-0.20 [hand-set]; scaleScoreInNeither=-0.05 [hand-set],emission score,F1,"NCT-cleaned tone collections / pitch content -> emission P(pitches|tonic,mode,chord)",,scaleScoreInBoth;scaleScoreInCandidateOnly;scaleScoreInKeySigOnly;scaleScoreInNeither,yes,the collection-membership emission (key axis)
triad/tonal-centre evidence,L3,live,src/composing/analysis/types/analysistypes.h:630-639; src/composing/analysis/key/keymodeanalyzer.cpp:265-313,src/composing/analysis/key/keymodeanalyzer.cpp:297-310,additive: tonic/third/fifth/leading-tone weighted presence + complete-triad bonus or missing-tonic penalty + capped extra-scale term,tonicWeight=1.60 [hand-set]; thirdWeight=0.70 [hand-set]; fifthWeight=0.50 [hand-set]; leadingToneWeight=0.40 [hand-set]; completeTriadBonus=2.50 [hand-set]; missingTonicPenalty=-2.50 [hand-set]; extraScaleFactor=0.10 [hand-set]; extraScaleCap=5.0 [hand-set],emission score,F1,"NCT-cleaned tone collections / pitch content -> emission P(pitches|tonic,mode,chord)",,completeTriadBonus;extraScaleCap;extraScaleFactor;fifthWeight;leadingToneWeight;missingTonicPenalty;thirdWeight;tonicWeight,yes,
characteristic-pitch term,L3,live,src/composing/analysis/types/analysistypes.h:648-649; src/composing/analysis/key/keymodeanalyzer.cpp:321-355,src/composing/analysis/key/keymodeanalyzer.cpp:344-349,additive boost/penalty on presence/absence of the mode's distinguishing pitch (half boost when only one of two present),characteristicPitchBoost=1.80 [hand-set]; characteristicPitchPenalty=-0.60 [hand-set],emission score,F1,"NCT-cleaned tone collections / pitch content -> emission P(pitches|tonic,mode,chord)",,characteristicPitchBoost;characteristicPitchPenalty,yes,mode-disambiguation term (K279 diagnosis implicated the presence threshold)
true leading-tone boost,L3,live,src/composing/analysis/types/analysistypes.h:659; src/composing/analysis/key/keymodeanalyzer.cpp:363-375,src/composing/analysis/key/keymodeanalyzer.cpp:363-375,additive when pc (tonic+11) present above 0.1,trueLeadingToneBoost=1.20 [hand-set],emission score,F4,"cadence votes + leading-tone events -> emission/transition factor on (tonic,mode) at cadences",,trueLeadingToneBoost,yes,a leading-tone EVENT reduced to presence (not resolution)
mode priors (21) + preset tables,L3,live,src/composing/analysis/types/analysistypes.h:671-695; src/composing/analysis/key/modepriorpresets.cpp:27-170,src/composing/analysis/key/keymodeanalyzer.cpp:378-407,additive per-candidate prior by mode; 5 named presets x 21 modes + app-default table override the fields,modePriorIonian=1.20 [preset-table]; modePriorAeolian=1.00 [preset-table]; modePriorAltered=-3.50 [preset-table]; (21 fields x 6 tables) [preset-table],emission score -> decode,F2,"notated signature + declared mode -> prior on (tonic, mode)",,modePriorAeolian;modePriorAltered;modePriorIonian,yes,OI-174/OI-147: the mode-vocabulary question lives here (21 modes x 12 tonics = 252 states)
key-signature proximity penalty,L3,live,src/composing/analysis/types/analysistypes.h:723; src/composing/analysis/key/keymodeanalyzer.cpp:411-420,src/composing/analysis/key/keymodeanalyzer.cpp:411-420,subtractive linear: -penalty x circle-of-fifths distance from notated signature,keySignatureDistancePenalty=0.60 [hand-set],emission score; ALSO the decoder's changePerFifthStep (shared symbol),F2,"notated signature + declared mode -> prior on (tonic, mode)",,keySignatureDistancePenalty,yes,
tonal-centre comparison (family-winner),L3,live,"src/composing/analysis/types/analysistypes.h:709-714; src/composing/analysis/key/keymodeanalyzer.cpp:429-441,670-688",src/composing/analysis/key/keymodeanalyzer.cpp:670-688,secondary weighted score deciding relative-pair family winner when delta > threshold,tonalCenterTonicWeight=2.20 [hand-set]; tonalCenterThirdWeight=1.00 [hand-set]; tonalCenterFifthWeight=0.70 [hand-set]; tonalCenterLeadingTone=0.50 [hand-set]; tonalCenterTriadBonus=2.00 [hand-set]; tonalCenterDeltaThreshold=0.25 [hand-set],winner selection,F1,"NCT-cleaned tone collections / pitch content -> emission P(pitches|tonic,mode,chord)",,tonalCenterDeltaThreshold;tonalCenterFifthWeight;tonalCenterLeadingTone;tonalCenterThirdWeight;tonalCenterTonicWeight;tonalCenterTriadBonus,yes,relative major/minor disambiguation — the measured weak axis
pairwise relative-pair disambiguation,L3,live,src/composing/analysis/types/analysistypes.h:733-735; src/composing/analysis/key/keymodeanalyzer.cpp:455-488,src/composing/analysis/key/keymodeanalyzer.cpp:632,post-hoc additive mutation on top-2 same-signature candidates (complete-triad vs no-tonic; only-tonic),disambiguationTriadBonus=4.50 [hand-set]; disambiguationTriadCost=1.50 [hand-set]; disambiguationTonicBonus=1.00 [hand-set],ranked candidates,F1,"NCT-cleaned tone collections / pitch content -> emission P(pitches|tonic,mode,chord)",,disambiguationTonicBonus;disambiguationTriadBonus;disambiguationTriadCost,yes,
declared-mode penalty,L3,live,src/composing/analysis/types/analysistypes.h:752; src/composing/analysis/key/keymodeanalyzer.cpp:598-603,src/composing/analysis/key/keymodeanalyzer.cpp:598-603,"subtractive penalty on candidates whose mode class contradicts the file's declared mode (graded, was a 7.0 wall)",declaredModePenalty=1.0 [hand-set],emission score,F2,"notated signature + declared mode -> prior on (tonic, mode)",,declaredModePenalty,yes,the declared-mode prior channel (OI-78 siloing)
partial-signature correction,L3,live,src/composing/analysis/key/keyresolver.cpp:107-190,src/composing/analysis/key/keyresolver.cpp:248,hard one-step signature correction when a pervasive dominant accidental is present (>=3% of weight and >=2x its natural),kPervasiveFraction=0.03 [hand-set]; kDominanceRatio=2.0 [hand-set],corrected fifths anchor for resolver + decode,F2,"notated signature + declared mode -> prior on (tonic, mode)",,kDominanceRatio;kPervasiveFraction,yes,Baroque partial/Dorian signatures
dynamic lookahead (resolver),L3,live,src/composing/analysis/types/analysistypes.h:789-791; src/composing/analysis/key/keyresolver.cpp:308-326,src/composing/analysis/key/keyresolver.cpp:318-325,"iterative window expansion until confidence >= threshold or cap (2-beat steps, 24-beat max)",dynamicLookaheadConfidenceThreshold=0.60 [hand-set]; dynamicLookaheadStepBeats=2 [hand-set]; dynamicLookaheadMaxBeats=24 [hand-set],resolveKeyAndModeRanked,NONE,maps to no §2 roster factor (keep/fix/drop input for the design pass),,dynamicLookaheadConfidenceThreshold;dynamicLookaheadMaxBeats;dynamicLookaheadStepBeats,yes,"windowing policy, not a model factor"
mode-switching hysteresis (resolver),L3,live,"src/composing/analysis/types/analysistypes.h:801,807; src/composing/analysis/key/keyresolver.cpp:340-356",src/composing/analysis/key/keyresolver.cpp:340-356,hard margin: a key/mode switch must beat the incumbent by the margin (relative pair has its own),hysteresisMargin=2.0 [hand-set]; relativeKeyHysteresisMargin=2.0 [hand-set],resolver ranked output; ALSO decoder change-cost defaults (shared symbols),NONE,maps to no §2 roster factor (keep/fix/drop input for the design pass),,hysteresisMargin;relativeKeyHysteresisMargin,yes,"OI-97: the two margins are value-coupled by comment only; nearest factor: the (tonic,mode) transition term of the joint decode (not on the §2 roster)"
L3 sequence decoder (Viterbi),L3,live,src/composing/analysis/key/keymodesequence.h:112-155; src/composing/analysis/key/keymodesequence.cpp:242-398,"src/composing/analysis/region/regionanalyzer.cpp:636,707","forward max-sum DP over per-slice top-K union of 252 (tonic,mode) candidates; transition cost = base + perFifth x cofDistance + relativePairExtra; backward pass for sequence margin",topK=8 [hand-set]; changeBaseCost=2.0 [derived=hysteresisMargin]; changePerFifthStep=0.60 [derived=keySignatureDistancePenalty]; relativePairExtraCost=2.0 [derived=relativeKeyHysteresisMargin]; windowBeats=4.0 [hand-set]; beatsPerDecayUnit=4.0 [hand-set]; uncertainThreshold=1.0 [hand-set]; maxAlternatives=4 [hand-set],per-slice key/mode -> region keys -> L4 key context,NONE,maps to no §2 roster factor (keep/fix/drop input for the design pass),,beatsPerDecayUnit;changeBaseCost;changePerFifthStep;derived;maxAlternatives;relativePairExtraCost;topK;uncertainThreshold;windowBeats,yes,"the existing (tonic,mode) transition structure the joint model subsumes; not itself a §2 roster factor"
L3 confidence sigmoid,L3,live,src/composing/analysis/types/analysistypes.h:777-778; src/composing/analysis/key/keymodeanalyzer.cpp:762-777,src/composing/analysis/key/keymodesequence.cpp:224-225,"sigmoid(top1-top2 gap) -> normalizedConfidence (midpoint 2.0, steepness 1.5)",confidenceSigmoidMidpoint=2.0 [hand-set]; confidenceSigmoidSteepness=1.5 [hand-set],downstream 0.8 annotate gate; exposure buckets,NONE,maps to no §2 roster factor (keep/fix/drop input for the design pass),,confidenceSigmoidMidpoint;confidenceSigmoidSteepness,yes,reporting/abstention surface (OI-79 notes the duplicated sigmoid form)
annotate key-confidence gate,L3-section,live,src/composing/analysis/section/sectionanalyzer.h:91,src/composing/analysis/section/sectionanalyzer.cpp:760; src/composing/analysis/section/sectioncadencedetection.cpp:56,"hard abstention bar: key-dependent annotations (key areas, cadence labels) need normalizedConfidence >= 0.8",kAnnotateKeyConfidenceThreshold=0.8 [hand-set],user-visible annotations,NONE,maps to no §2 roster factor (keep/fix/drop input for the design pass),,kAnnotateKeyConfidenceThreshold,yes,G10 manifest row; abstention policy
island key stabilization,L3-section,live,src/composing/analysis/section/sectionanalyzer.cpp:90-163,src/composing/analysis/section/sectionanalyzer.cpp:108-125,structural smoothing: a 1-region key island is overwritten by the stable key unless the change persists into the next region,structural,displayed region keys,NONE,maps to no §2 roster factor (keep/fix/drop input for the design pass),,,yes,post-hoc smoothing duplicating what a decode transition should do; runs only when joint wiring OFF
live cadence patterns (PAC/PC/DC/HC),L3-section,live,src/composing/analysis/section/sectioncadencedetection.cpp:101-137,notationcomposingbridge.cpp:1244,"hard degree-pattern rules on adjacent regions (e.g. PAC: degree 4->0 non-minor, or 6-dim->0), same key, confidence-gated",structural (kMaxPivotLookaheadRegions=8 [hand-set]),cadence labels written to score,F4,"cadence votes + leading-tone events -> emission/transition factor on (tonic,mode) at cadences",,kMaxPivotLookaheadRegions,yes,key-DEPENDENT (degree-based) — the circular form OI-166's key-agnostic detector is meant to replace; annotation-only (no key feedback)
sparse-gap chord inference (section),L3-section,live,"src/composing/analysis/section/sectionanalyzer.cpp:295-407,502-517,706-710",src/composing/analysis/section/sectionanalyzer.cpp:392,"interval-table inference for thin gaps (m3/M3/dim5/P5 -> quality priority Major/Minor=3, Dim=2, fifth=1); gaps <3 pcs carry neighbours; measure-opening carry within 1 beat",structural (priority seeds 3/2/1; pc bars 3; 1-beat window),displayed gap regions,F1,"NCT-cleaned tone collections / pitch content -> emission P(pitches|tonic,mode,chord)",,,yes,display-path refinement (P2 annotation pipeline)
joint key weights (J-key),L3-dormant,dormant,src/composing/analysis/section/jointkeydecision.h:141-150,src/composing/analysis/section/jointkeydecision.cpp:235-349,additive re-rank weights over the scoped key lattice + Viterbi transition penalty; config-B chord-coupling bonus with rank decay,scalePrior=1.0 [hand-set]; localPrior=0.5 [hand-set]; cadenceAnchor=0.8 [hand-set]; modulation=1.0 [hand-set]; bassIsRootTonic=0.15 [hand-set]; declaredHint=1.0 [hand-set]; transitionPenalty=1.2 [hand-set]; couplingBonus=0.6 [hand-set],gated OFF (MUSE_JOINT_KEY_WIRING),NONE,maps to no §2 roster factor (keep/fix/drop input for the design pass),,bassIsRootTonic;cadenceAnchor;couplingBonus;declaredHint;localPrior;modulation;scalePrior;transitionPenalty,yes,the shelved J-key-iii scoped-joint step; superseded in spirit by the ratified joint estimator
cadence key-anchor vote,L3-dormant,dormant,"src/composing/analysis/section/cadencekeyanchor.cpp:115-118,151-154",src/composing/analysis/section/cadencekeyanchor.cpp:151-167,"weighted vote per detected authentic cadence into (tonic,mode) buckets: base + structural(phrase boundary) + chromatic LT + recency; winner by weight share",kWeightBase=1.0 [swept]; kWeightStructural=2.0 [swept]; kWeightChromatic=1.0 [swept]; kWeightFinality=1.0 [swept],dormant joint-key path / diagnostics,F4,"cadence votes + leading-tone events -> emission/transition factor on (tonic,mode) at cadences",,kWeightBase;kWeightChromatic;kWeightFinality;kWeightStructural,yes,leading-tone PRESENCE test (not resolution) — the false-positive-prone form functioncadence replaces
local-modulation establishment,L3-dormant,dormant,src/composing/analysis/section/localmodulationdetector.cpp:47-48,"src/composing/analysis/section/localmodulationdetector.cpp:89,190",hard: a tonicization becomes a local-key span after >=5 consistent chords (<=2 out-of-collection pcs each) + >=1 confirming cadence,kEstablishmentMinChords=5 [hand-set]; kPitchTolerance=2 [hand-set],dormant joint-key path,NONE,maps to no §2 roster factor (keep/fix/drop input for the design pass),,kEstablishmentMinChords;kPitchTolerance,yes,tonicization-vs-modulation duration prior in disguise
chord-slice decoder preferences,L4-decoder,dormant,src/composing/analysis/chord/chordslicedecoder.h:158-318,src/composing/analysis/chord/chordslicedecoder.cpp (decode/decideSlice/finalizeSlice),"13 tunable settings: window half-widths (1/3), topK 6, uncertainty margin 0.5, pc floors (1/3), membership salience threshold 0.55 + reference duration 1.0 + penalty weight 0.6, stepwise gap tolerance 0, commit sufficiency 3, master switches, edge extension (OFF, 4 steps x 1 slice)",contextSlices=1 [hand-set]; maxContextSlices=3 [hand-set]; topK=6 [hand-set]; uncertaintyMargin=0.5 [hand-set]; minDistinctPcs=1 [hand-set]; minHarmonyPcs=3 [hand-set]; membershipSalienceThreshold=0.55 [hand-set]; membershipReferenceDurationQn=1.0 [hand-set]; membershipPenaltyWeight=0.6 [hand-set]; stepwiseGapToleranceTicks=0 [hand-set]; sufficiencyChordTones=3 [hand-set]; maxEdgeExtendSteps=4 [hand-set]; edgeExtendIncrementSlices=1 [hand-set],diagnostic decode paths only (batch_analyze --decode-chords),F1,"NCT-cleaned tone collections / pitch content -> emission P(pitches|tonic,mode,chord)",,contextSlices;edgeExtendIncrementSlices;maxContextSlices;maxEdgeExtendSteps;membershipPenaltyWeight;membershipReferenceDurationQn;membershipSalienceThreshold;minDistinctPcs;minHarmonyPcs;stepwiseGapToleranceTicks;sufficiencyChordTones;topK;uncertaintyMargin,yes,OI-103: only sufficiencyChordTones is in the manifest; ranking score is the oracle's verticalScore (no second scorer)
decoder membership/salience scoring,L4-decoder,dormant,"src/composing/analysis/chord/chordslicedecoder.cpp:236-241,342-376,839-851,883-917",src/composing/analysis/chord/chordslicedecoder.cpp:1139-1143,"salience = metricWeight x min(1, durationQn/ref); tone-tier ladder (suspension/step/leap); implausibility penalty summed and subtracted x penaltyWeight; composite confidence = min(margin, sufficiency, cleanliness)",kNoCompetitorConfidence=1000.0 [hand-set],decoder re-rank + uncertainty,F1,"NCT-cleaned tone collections / pitch content -> emission P(pitches|tonic,mode,chord)",,kNoCompetitorConfidence,yes,"the NCT-classification machinery (Tier-1/2/3) lives here, dormant"
function-cadence vote weights,L5,dormant,src/composing/analysis/function/functioncadence.h:194-206,src/composing/analysis/function/functioncadence.cpp:159-197,additive tonic-vote per detected cadence: base + bass-5->1 + leading-tone-resolves + genuine-dominant-7th + metric + phrase-boundary(2.0) + final-bar; half/plagal/evaded discounted x0.5,wBase=1.0 [hand-set]; wBassFiveToOne=1.0 [hand-set]; wLeadingTone=1.0 [hand-set]; wSeventh=1.0 [hand-set]; wMetric=1.0 [hand-set]; wPhraseBoundary=2.0 [hand-set]; wFinalBar=1.0 [hand-set]; discountHalf=0.5 [hand-set]; discountPlagal=0.5 [hand-set]; discountEvaded=0.5 [hand-set],"no production consumer (OI-166: chord-derived, not the specified L1.5 pre-scan)",F4,"cadence votes + leading-tone events -> emission/transition factor on (tonic,mode) at cadences",,discountEvaded;discountHalf;discountPlagal;wBase;wBassFiveToOne;wFinalBar;wLeadingTone;wMetric;wPhraseBoundary;wSeventh,yes,key-agnostic but CHORD-derived tonic hypothesis (arr.rootPc)
modulation decision params,L5,dormant,"src/composing/analysis/function/functionmodulation.h:109-118,128",src/composing/analysis/function/functionmodulation.cpp:75-86,modulation iff cadence-confirmed AND persistence evidence (wDuration x wholes + wCadentialWeight x votes + wSpelling) > baseChangeCost,baseChangeCost=1.0 [hand-set]; wDuration=1.0 [hand-set]; wCadentialWeight=1.0 [hand-set]; wSpelling=0.5 [hand-set]; kTicksPerWholeNote=1920.0 [structural],no production consumer,NONE,maps to no §2 roster factor (keep/fix/drop input for the design pass),,,yes,tonicization-vs-modulation decision form
progression licensing grammar,L5,dormant,src/composing/analysis/function/functionprogression.cpp:44-142,isLicensedProgression,"boolean root-motion grammar (desc 5th/3rd, asc 2nd/5th, desc 2nd, diatonic dim 5th, applied resolutions); NO numeric constants",structural,no production consumer,F5,progression grammaticality -> chord transition term,,,yes,the fullest existing progression-grammaticality term — dormant
function resolver plausibility,L5,dormant,src/composing/analysis/function/functionresolver.h:210-216,"src/composing/analysis/function/functionresolver.cpp:90-107,277",plausibility = wLicensedOut + wLicensedIn + wCadentialFit; deciding margin 0.5; per-kind confidence seeds 0.25/0.5/1.0; fine-grain forward override channel,wLicensedOut=1.0 [hand-set]; wLicensedIn=1.0 [hand-set]; wCadentialFit=1.0 [hand-set]; decidingMargin=0.5 [hand-set],no production consumer,F5,progression grammaticality -> chord transition term,,decidingMargin;wCadentialFit;wLicensedIn;wLicensedOut,yes,
forward-override bar,L5,dormant,src/composing/analysis/function/forwardoverride.h:80-83,src/composing/analysis/function/forwardoverride.cpp:26-45,override iff contradictionStrength > baseBar + confidenceScale x clamp01(earlierConfidence); once per pass,baseBar=1.0 [hand-set]; confidenceScale=1.0 [hand-set],no production consumer,NONE,maps to no §2 roster factor (keep/fix/drop input for the design pass),,baseBar;confidenceScale,yes,the ratified forward-override pattern's constants
function output confidence,L5,dormant,src/composing/analysis/function/functionoutput.h:102-109,functionoutput.cpp,additive confidence combination + boundary squash x/(x+k),wCadenceVote=1.0 [hand-set]; wLicensedFit=1.0 [hand-set]; wNextBestMargin=1.0 [hand-set]; kBoundary=1.0 [hand-set],no production consumer,NONE,maps to no §2 roster factor (keep/fix/drop input for the design pass),,kBoundary;wCadenceVote;wLicensedFit;wNextBestMargin,yes,representational
progression recognizer priors,L5,dormant,src/composing/analysis/progression/progressionrecognizer.h:109-133,"src/composing/analysis/progression/progressionrecognizer.cpp:95-116,250",idiom prior = matchScore x max seed/histogram blend (alpha=evidence/(evidence+blendRate)); cue discounts x0.5,blendRate=1.0 [hand-set]; admissionThreshold=0.0 [hand-set]; modeCueFactor=0.5 [hand-set]; chordsOnlyFactor=0.5 [hand-set],no production consumer,F5,progression grammaticality -> chord transition term,,admissionThreshold;blendRate;chordsOnlyFactor;modeCueFactor,yes,
VL-C texture classifier,L5,dormant,src/composing/analysis/voiceleading/textureclassifier.h:132-137,src/composing/analysis/voiceleading/textureclassifier.cpp:85-133,z-scored nearest-centroid over 20 features; fit=exp(-distance/scale); abstain floors (fit/margin/samples),fitScale=2.6734128 [study-fitted]; fitFloor=0.129574792 [study-fitted]; marginFloor=0.00718666965 [study-fitted]; evidentialFloor=8 [hand-set],no production consumer,NONE,maps to no §2 roster factor (keep/fix/drop input for the design pass),,evidentialFloor;fitFloor;fitScale;marginFloor,yes,generated reference tables (textureclassifierreference.h)
key exposure buckets (implode bridge),bridge,live,src/notation/internal/notationimplodebridge.cpp:79-96,src/notation/internal/notationimplodebridge.cpp:84-95,hard confidence buckets deciding key exposure in imploded output: <0.5 none / <0.8 tentative / else assertive,kTentativeKeyExposureThreshold=0.5 [hand-set]; kAssertiveKeyExposureThreshold=0.8 [hand-set],imploded chord-staff output,NONE,maps to no §2 roster factor (keep/fix/drop input for the design pass),,kAssertiveKeyExposureThreshold;kTentativeKeyExposureThreshold,yes,consumption-side decision constants on NO audited surface and in no manifest (new register row)
preset carriers (batch_analyze),bridge,live,tools/batch_analyze.cpp:4206-4261,tools/batch_analyze.cpp:4267-4281,per-preset overrides: Jazz extensionThreshold 0.12 + reduced inversion bonuses + kWStepIn 0.10; Baroque/Standard preferMinorOverMajorAdd6 true; Default = product config,presetKWStepIn=0.125/0.10 [fit-adopted/hand-set per carrier],measurement carriers (Baroque/Jazz/Default),NONE,maps to no §2 roster factor (keep/fix/drop input for the design pass),,presetKWStepIn,yes,"carrier definitions, not model terms"
